lipid_variable,lipid_label,diet_variable,diet_label,partial_spearman_r,p_value,neg_log10_p,n,small_sample,covariates_used,abs_r
triglycerides_mmol_L_log,Triglycerides (log),diet_cooked_vegetable_intake,Cooked vegetable intake,-0.019164490520214367,1.3506454363975538e-28,27.869458644483434,335010,False,"cov_age_at_assessment, cov_body_mass_index, cov_fasting_time, cov_sex_Male, cov_alcohol_status_Never, cov_alcohol_status_Prefer not to answer, cov_alcohol_status_Previous, cov_current_smoking_Only occasionally, cov_current_smoking_Prefer not to answer, cov_current_smoking_Yes, on most or all days",0.019164490520214367
triglycerides_mmol_L_log,Triglycerides (log),diet_salad_raw_vegetable_intake,Salad / raw vegetable intake,-0.03764996408328546,1.4532156449406488e-102,101.83766993528302,325966,False,"cov_age_at_assessment, cov_body_mass_index, cov_fasting_time, cov_sex_Male, cov_alcohol_status_Never, cov_alcohol_status_Prefer not to answer, cov_alcohol_status_Previous, cov_current_smoking_Only occasionally, cov_current_smoking_Prefer not to answer, cov_current_smoking_Yes, on most or all days",0.03764996408328546
triglycerides_mmol_L_log,Triglycerides (log),diet_fresh_fruit_intake,Fresh fruit intake,-0.03509461216284482,2.0524503858965317e-91,90.68772733232876,333628,False,"cov_age_at_assessment, cov_body_mass_index, cov_fasting_time, cov_sex_Male, cov_alcohol_status_Never, cov_alcohol_status_Prefer not to answer, cov_alcohol_status_Previous, cov_current_smoking_Only occasionally, cov_current_smoking_Prefer not to answer, cov_current_smoking_Yes, on most or all days",0.03509461216284482
triglycerides_mmol_L_log,Triglycerides (log),diet_dried_fruit_intake,Dried fruit intake,-0.010182790766070485,1.1460787616960982e-08,7.940785535427428,314158,False,"cov_age_at_assessment, cov_body_mass_index, cov_fasting_time, cov_sex_Male, cov_alcohol_status_Never, cov_alcohol_status_Prefer not to answer, cov_alcohol_status_Previous, cov_current_smoking_Only occasionally, cov_current_smoking_Prefer not to answer, cov_current_smoking_Yes, on most or all days",0.010182790766070485
triglycerides_mmol_L_log,Triglycerides (log),diet_oily_fish_intake,Oily fish intake,0.02429670825282382,2.3120274693685113e-46,45.63600701033616,346114,False,"cov_age_at_assessment, cov_body_mass_index, cov_fasting_time, cov_sex_Male, cov_alcohol_status_Never, cov_alcohol_status_Prefer not to answer, cov_alcohol_status_Previous, cov_current_smoking_Only occasionally, cov_current_smoking_Prefer not to answer, cov_current_smoking_Yes, on most or all days",0.02429670825282382
triglycerides_mmol_L_log,Triglycerides (log),diet_non_oily_fish_intake,Non-oily fish intake,0.008991990068844359,1.221784369177649e-07,6.913005435287917,346114,False,"cov_age_at_assessment, cov_body_mass_index, cov_fasting_time, cov_sex_Male, cov_alcohol_status_Never, cov_alcohol_status_Prefer not to answer, cov_alcohol_status_Previous, cov_current_smoking_Only occasionally, cov_current_smoking_Prefer not to answer, cov_current_smoking_Yes, on most or all days",0.008991990068844359
triglycerides_mmol_L_log,Triglycerides (log),diet_processed_meat_intake,Processed meat intake,-0.01194565807359844,2.0947030650429132e-12,11.678877531816106,346114,False,"cov_age_at_assessment, cov_body_mass_index, cov_fasting_time, cov_sex_Male, cov_alcohol_status_Never, cov_alcohol_status_Prefer not to answer, cov_alcohol_status_Previous, cov_current_smoking_Only occasionally, cov_current_smoking_Prefer not to answer, cov_current_smoking_Yes, on most or all days",0.01194565807359844
triglycerides_mmol_L_log,Triglycerides (log),diet_poultry_intake,Poultry intake,0.006578619380512558,0.00010869020327288655,3.9638095990256295,346114,False,"cov_age_at_assessment, cov_body_mass_index, cov_fasting_time, cov_sex_Male, cov_alcohol_status_Never, cov_alcohol_status_Prefer not to answer, cov_alcohol_status_Previous, cov_current_smoking_Only occasionally, cov_current_smoking_Prefer not to answer, cov_current_smoking_Yes, on most or all days",0.006578619380512558
triglycerides_mmol_L_log,Triglycerides (log),diet_beef_intake,Beef intake,0.012734423270299274,6.776832081415125e-14,13.168973275318852,346114,False,"cov_age_at_assessment, cov_body_mass_index, cov_fasting_time, cov_sex_Male, cov_alcohol_status_Never, cov_alcohol_status_Prefer not to answer, cov_alcohol_status_Previous, cov_current_smoking_Only occasionally, cov_current_smoking_Prefer not to answer, cov_current_smoking_Yes, on most or all days",0.012734423270299274
triglycerides_mmol_L_log,Triglycerides (log),diet_lamb_mutton_intake,Lamb/mutton intake,0.003964652943184798,0.019676309291519412,1.706056359392618,346114,False,"cov_age_at_assessment, cov_body_mass_index, cov_fasting_time, cov_sex_Male, cov_alcohol_status_Never, cov_alcohol_status_Prefer not to answer, cov_alcohol_status_Previous, cov_current_smoking_Only occasionally, cov_current_smoking_Prefer not to answer, cov_current_smoking_Yes, on most or all days",0.003964652943184798
triglycerides_mmol_L_log,Triglycerides (log),diet_pork_intake,Pork intake,0.00606531630337181,0.00035925874804220597,3.4445926478835043,346114,False,"cov_age_at_assessment, cov_body_mass_index, cov_fasting_time, cov_sex_Male, cov_alcohol_status_Never, cov_alcohol_status_Prefer not to answer, cov_alcohol_status_Previous, cov_current_smoking_Only occasionally, cov_current_smoking_Prefer not to answer, cov_current_smoking_Yes, on most or all days",0.00606531630337181
triglycerides_mmol_L_log,Triglycerides (log),diet_age_when_last_ate_meat,Age when last ate meat,-0.0353798764374485,8.987950432904893e-06,5.046339331310235,15743,False,"cov_age_at_assessment, cov_body_mass_index, cov_fasting_time, cov_sex_Male, cov_alcohol_status_Never, cov_alcohol_status_Prefer not to answer, cov_alcohol_status_Previous, cov_current_smoking_Only occasionally, cov_current_smoking_Prefer not to answer, cov_current_smoking_Yes, on most or all days",0.0353798764374485
triglycerides_mmol_L_log,Triglycerides (log),diet_never_eat_eggs_dairy_wheat_sugar,"Never eat eggs, dairy, wheat, sugar",-0.02839794156774643,1.104062761095476e-62,61.95700623818045,346114,False,"cov_age_at_assessment, cov_body_mass_index, cov_fasting_time, cov_sex_Male, cov_alcohol_status_Never, cov_alcohol_status_Prefer not to answer, cov_alcohol_status_Previous, cov_current_smoking_Only occasionally, cov_current_smoking_Prefer not to answer, cov_current_smoking_Yes, on most or all days",0.02839794156774643
triglycerides_mmol_L_log,Triglycerides (log),diet_cheese_intake,Cheese intake,-0.010996466623941298,1.5610927655679227e-10,9.806571288880425,338636,False,"cov_age_at_assessment, cov_body_mass_index, cov_fasting_time, cov_sex_Male, cov_alcohol_status_Never, cov_alcohol_status_Prefer not to answer, cov_alcohol_status_Previous, cov_current_smoking_Only occasionally, cov_current_smoking_Prefer not to answer, cov_current_smoking_Yes, on most or all days",0.010996466623941298
triglycerides_mmol_L_log,Triglycerides (log),diet_milk_type_used,Milk type used,-0.013986881291942716,1.8869072598734167e-16,15.724249444570093,346114,False,"cov_age_at_assessment, cov_body_mass_index, cov_fasting_time, cov_sex_Male, cov_alcohol_status_Never, cov_alcohol_status_Prefer not to answer, cov_alcohol_status_Previous, cov_current_smoking_Only occasionally, cov_current_smoking_Prefer not to answer, cov_current_smoking_Yes, on most or all days",0.013986881291942716
triglycerides_mmol_L_log,Triglycerides (log),diet_spread_type,Spread type,0.01304421930122985,1.6619127434068847e-14,13.779391782027057,346114,False,"cov_age_at_assessment, cov_body_mass_index, cov_fasting_time, cov_sex_Male, cov_alcohol_status_Never, cov_alcohol_status_Prefer not to answer, cov_alcohol_status_Previous, cov_current_smoking_Only occasionally, cov_current_smoking_Prefer not to answer, cov_current_smoking_Yes, on most or all days",0.01304421930122985
triglycerides_mmol_L_log,Triglycerides (log),diet_non_butter_spread_type_details,Non-butter spread type details,-0.012899018243674527,8.030606630711807e-08,7.095251646948005,173073,False,"cov_age_at_assessment, cov_body_mass_index, cov_fasting_time, cov_sex_Male, cov_alcohol_status_Never, cov_alcohol_status_Prefer not to answer, cov_alcohol_status_Previous, cov_current_smoking_Only occasionally, cov_current_smoking_Prefer not to answer, cov_current_smoking_Yes, on most or all days",0.012899018243674527
triglycerides_mmol_L_log,Triglycerides (log),diet_bread_intake,Bread intake,0.04119185233748855,7.3780757662630025e-127,126.13205688926902,338036,False,"cov_age_at_assessment, cov_body_mass_index, cov_fasting_time, cov_sex_Male, cov_alcohol_status_Never, cov_alcohol_status_Prefer not to answer, cov_alcohol_status_Previous, cov_current_smoking_Only occasionally, cov_current_smoking_Prefer not to answer, cov_current_smoking_Yes, on most or all days",0.04119185233748855
triglycerides_mmol_L_log,Triglycerides (log),diet_bread_type,Bread type,-0.019116670621204174,2.343580016044089e-28,27.63012021392394,333697,False,"cov_age_at_assessment, cov_body_mass_index, cov_fasting_time, cov_sex_Male, cov_alcohol_status_Never, cov_alcohol_status_Prefer not to answer, cov_alcohol_status_Previous, cov_current_smoking_Only occasionally, cov_current_smoking_Prefer not to answer, cov_current_smoking_Yes, on most or all days",0.019116670621204174
triglycerides_mmol_L_log,Triglycerides (log),diet_cereal_intake,Cereal intake,0.01887102248612965,2.4209005912893454e-27,26.61602304349543,329438,False,"cov_age_at_assessment, cov_body_mass_index, cov_fasting_time, cov_sex_Male, cov_alcohol_status_Never, cov_alcohol_status_Prefer not to answer, cov_alcohol_status_Previous, cov_current_smoking_Only occasionally, cov_current_smoking_Prefer not to answer, cov_current_smoking_Yes, on most or all days",0.01887102248612965
triglycerides_mmol_L_log,Triglycerides (log),diet_cereal_type,Cereal type,0.006820053638778421,0.0002619303825705094,3.5818141227377547,286468,False,"cov_age_at_assessment, cov_body_mass_index, cov_fasting_time, cov_sex_Male, cov_alcohol_status_Never, cov_alcohol_status_Prefer not to answer, cov_alcohol_status_Previous, cov_current_smoking_Only occasionally, cov_current_smoking_Prefer not to answer, cov_current_smoking_Yes, on most or all days",0.006820053638778421
triglycerides_mmol_L_log,Triglycerides (log),diet_salt_added_to_food,Salt added to food,-0.009073377291635945,9.393062882886843e-08,7.02719277022178,346114,False,"cov_age_at_assessment, cov_body_mass_index, cov_fasting_time, cov_sex_Male, cov_alcohol_status_Never, cov_alcohol_status_Prefer not to answer, cov_alcohol_status_Previous, cov_current_smoking_Only occasionally, cov_current_smoking_Prefer not to answer, cov_current_smoking_Yes, on most or all days",0.009073377291635945
triglycerides_mmol_L_log,Triglycerides (log),diet_tea_intake,Tea intake,-0.017716074391416613,1.2055597536328318e-24,23.918811258924123,334577,False,"cov_age_at_assessment, cov_body_mass_index, cov_fasting_time, cov_sex_Male, cov_alcohol_status_Never, cov_alcohol_status_Prefer not to answer, cov_alcohol_status_Previous, cov_current_smoking_Only occasionally, cov_current_smoking_Prefer not to answer, cov_current_smoking_Yes, on most or all days",0.017716074391416613
triglycerides_mmol_L_log,Triglycerides (log),diet_coffee_intake,Coffee intake,-0.01108669133522099,3.5502254254345075e-10,9.449744070067707,320089,False,"cov_age_at_assessment, cov_body_mass_index, cov_fasting_time, cov_sex_Male, cov_alcohol_status_Never, cov_alcohol_status_Prefer not to answer, cov_alcohol_status_Previous, cov_current_smoking_Only occasionally, cov_current_smoking_Prefer not to answer, cov_current_smoking_Yes, on most or all days",0.01108669133522099
triglycerides_mmol_L_log,Triglycerides (log),diet_coffee_type,Coffee type,-0.0030146729206216335,0.11790117239196563,0.9284818763228093,269028,False,"cov_age_at_assessment, cov_body_mass_index, cov_fasting_time, cov_sex_Male, cov_alcohol_status_Never, cov_alcohol_status_Prefer not to answer, cov_alcohol_status_Previous, cov_current_smoking_Only occasionally, cov_current_smoking_Prefer not to answer, cov_current_smoking_Yes, on most or all days",0.0030146729206216335
triglycerides_mmol_L_log,Triglycerides (log),diet_hot_drink_temperature,Hot drink temperature,0.0026864288447212142,0.11400103439525977,0.9430912080484805,346114,False,"cov_age_at_assessment, cov_body_mass_index, cov_fasting_time, cov_sex_Male, cov_alcohol_status_Never, cov_alcohol_status_Prefer not to answer, cov_alcohol_status_Previous, cov_current_smoking_Only occasionally, cov_current_smoking_Prefer not to answer, cov_current_smoking_Yes, on most or all days",0.0026864288447212142
triglycerides_mmol_L_log,Triglycerides (log),diet_water_intake,Water intake,-0.018721246672977337,3.1352316647464714e-26,25.503730363284987,320243,False,"cov_age_at_assessment, cov_body_mass_index, cov_fasting_time, cov_sex_Male, cov_alcohol_status_Never, cov_alcohol_status_Prefer not to answer, cov_alcohol_status_Previous, cov_current_smoking_Only occasionally, cov_current_smoking_Prefer not to answer, cov_current_smoking_Yes, on most or all days",0.018721246672977337
triglycerides_mmol_L_log,Triglycerides (log),diet_major_dietary_changes_in_the_last_5_years,Major dietary changes in the last 5 years,-0.022725692103684827,8.869315653259509e-41,40.052109888565,346114,False,"cov_age_at_assessment, cov_body_mass_index, cov_fasting_time, cov_sex_Male, cov_alcohol_status_Never, cov_alcohol_status_Prefer not to answer, cov_alcohol_status_Previous, cov_current_smoking_Only occasionally, cov_current_smoking_Prefer not to answer, cov_current_smoking_Yes, on most or all days",0.022725692103684827
triglycerides_mmol_L_log,Triglycerides (log),diet_variation_in_diet,Variation in diet,0.004773613626416819,0.004978955341473164,2.3028617690928384,346114,False,"cov_age_at_assessment, cov_body_mass_index, cov_fasting_time, cov_sex_Male, cov_alcohol_status_Never, cov_alcohol_status_Prefer not to answer, cov_alcohol_status_Previous, cov_current_smoking_Only occasionally, cov_current_smoking_Prefer not to answer, cov_current_smoking_Yes, on most or all days",0.004773613626416819
total_cholesterol_mmol_L,Total cholesterol,diet_cooked_vegetable_intake,Cooked vegetable intake,-0.017121189771939153,3.791133468048469e-23,22.421230925830326,334936,False,"cov_age_at_assessment, cov_body_mass_index, cov_fasting_time, cov_sex_Male, cov_alcohol_status_Never, cov_alcohol_status_Prefer not to answer, cov_alcohol_status_Previous, cov_current_smoking_Only occasionally, cov_current_smoking_Prefer not to answer, cov_current_smoking_Yes, on most or all days",0.017121189771939153
total_cholesterol_mmol_L,Total cholesterol,diet_salad_raw_vegetable_intake,Salad / raw vegetable intake,-0.016784539289710385,9.475679578613012e-22,21.023389633427644,325895,False,"cov_age_at_assessment, cov_body_mass_index, cov_fasting_time, cov_sex_Male, cov_alcohol_status_Never, cov_alcohol_status_Prefer not to answer, cov_alcohol_status_Previous, cov_current_smoking_Only occasionally, cov_current_smoking_Prefer not to answer, cov_current_smoking_Yes, on most or all days",0.016784539289710385
total_cholesterol_mmol_L,Total cholesterol,diet_fresh_fruit_intake,Fresh fruit intake,-0.04175982926403829,1.2580107577631494e-128,127.9003156450456,333553,False,"cov_age_at_assessment, cov_body_mass_index, cov_fasting_time, cov_sex_Male, cov_alcohol_status_Never, cov_alcohol_status_Prefer not to answer, cov_alcohol_status_Previous, cov_current_smoking_Only occasionally, cov_current_smoking_Prefer not to answer, cov_current_smoking_Yes, on most or all days",0.04175982926403829
total_cholesterol_mmol_L,Total cholesterol,diet_dried_fruit_intake,Dried fruit intake,-0.008818821983189857,7.712826415320051e-07,6.112786442748324,314093,False,"cov_age_at_assessment, cov_body_mass_index, cov_fasting_time, cov_sex_Male, cov_alcohol_status_Never, cov_alcohol_status_Prefer not to answer, cov_alcohol_status_Previous, cov_current_smoking_Only occasionally, cov_current_smoking_Prefer not to answer, cov_current_smoking_Yes, on most or all days",0.008818821983189857
total_cholesterol_mmol_L,Total cholesterol,diet_oily_fish_intake,Oily fish intake,0.009802096704328172,8.108257973286336e-09,8.091072442195058,346037,False,"cov_age_at_assessment, cov_body_mass_index, cov_fasting_time, cov_sex_Male, cov_alcohol_status_Never, cov_alcohol_status_Prefer not to answer, cov_alcohol_status_Previous, cov_current_smoking_Only occasionally, cov_current_smoking_Prefer not to answer, cov_current_smoking_Yes, on most or all days",0.009802096704328172
total_cholesterol_mmol_L,Total cholesterol,diet_non_oily_fish_intake,Non-oily fish intake,0.010151677621486825,2.345817816687531e-09,8.629705719534904,346037,False,"cov_age_at_assessment, cov_body_mass_index, cov_fasting_time, cov_sex_Male, cov_alcohol_status_Never, cov_alcohol_status_Prefer not to answer, cov_alcohol_status_Previous, cov_current_smoking_Only occasionally, cov_current_smoking_Prefer not to answer, cov_current_smoking_Yes, on most or all days",0.010151677621486825
total_cholesterol_mmol_L,Total cholesterol,diet_processed_meat_intake,Processed meat intake,-0.011040743773035402,8.309850244370732e-11,10.080406802765765,346037,False,"cov_age_at_assessment, cov_body_mass_index, cov_fasting_time, cov_sex_Male, cov_alcohol_status_Never, cov_alcohol_status_Prefer not to answer, cov_alcohol_status_Previous, cov_current_smoking_Only occasionally, cov_current_smoking_Prefer not to answer, cov_current_smoking_Yes, on most or all days",0.011040743773035402
total_cholesterol_mmol_L,Total cholesterol,diet_poultry_intake,Poultry intake,0.00027884914240333154,0.8697058212938604,0.06062762300647141,346037,False,"cov_age_at_assessment, cov_body_mass_index, cov_fasting_time, cov_sex_Male, cov_alcohol_status_Never, cov_alcohol_status_Prefer not to answer, cov_alcohol_status_Previous, cov_current_smoking_Only occasionally, cov_current_smoking_Prefer not to answer, cov_current_smoking_Yes, on most or all days",0.00027884914240333154
total_cholesterol_mmol_L,Total cholesterol,diet_beef_intake,Beef intake,-0.00037067258865766065,0.8273924640813143,0.08228843899139572,346037,False,"cov_age_at_assessment, cov_body_mass_index, cov_fasting_time, cov_sex_Male, cov_alcohol_status_Never, cov_alcohol_status_Prefer not to answer, cov_alcohol_status_Previous, cov_current_smoking_Only occasionally, cov_current_smoking_Prefer not to answer, cov_current_smoking_Yes, on most or all days",0.00037067258865766065
total_cholesterol_mmol_L,Total cholesterol,diet_lamb_mutton_intake,Lamb/mutton intake,-0.005800068035971676,0.0006451150153651618,3.1903628495734093,346037,False,"cov_age_at_assessment, cov_body_mass_index, cov_fasting_time, cov_sex_Male, cov_alcohol_status_Never, cov_alcohol_status_Prefer not to answer, cov_alcohol_status_Previous, cov_current_smoking_Only occasionally, cov_current_smoking_Prefer not to answer, cov_current_smoking_Yes, on most or all days",0.005800068035971676
total_cholesterol_mmol_L,Total cholesterol,diet_pork_intake,Pork intake,-0.01790972045512983,5.883827228685134e-26,25.230340088278005,346037,False,"cov_age_at_assessment, cov_body_mass_index, cov_fasting_time, cov_sex_Male, cov_alcohol_status_Never, cov_alcohol_status_Prefer not to answer, cov_alcohol_status_Previous, cov_current_smoking_Only occasionally, cov_current_smoking_Prefer not to answer, cov_current_smoking_Yes, on most or all days",0.01790972045512983
total_cholesterol_mmol_L,Total cholesterol,diet_age_when_last_ate_meat,Age when last ate meat,0.018269711766345894,0.021886588243117178,1.659821932478145,15743,False,"cov_age_at_assessment, cov_body_mass_index, cov_fasting_time, cov_sex_Male, cov_alcohol_status_Never, cov_alcohol_status_Prefer not to answer, cov_alcohol_status_Previous, cov_current_smoking_Only occasionally, cov_current_smoking_Prefer not to answer, cov_current_smoking_Yes, on most or all days",0.018269711766345894
total_cholesterol_mmol_L,Total cholesterol,diet_never_eat_eggs_dairy_wheat_sugar,"Never eat eggs, dairy, wheat, sugar",-0.009553386078325699,1.9109161630221902e-08,7.71875836618179,346037,False,"cov_age_at_assessment, cov_body_mass_index, cov_fasting_time, cov_sex_Male, cov_alcohol_status_Never, cov_alcohol_status_Prefer not to answer, cov_alcohol_status_Previous, cov_current_smoking_Only occasionally, cov_current_smoking_Prefer not to answer, cov_current_smoking_Yes, on most or all days",0.009553386078325699
total_cholesterol_mmol_L,Total cholesterol,diet_cheese_intake,Cheese intake,-0.017160843935126593,1.7566224323602914e-23,22.755321575535795,338562,False,"cov_age_at_assessment, cov_body_mass_index, cov_fasting_time, cov_sex_Male, cov_alcohol_status_Never, cov_alcohol_status_Prefer not to answer, cov_alcohol_status_Previous, cov_current_smoking_Only occasionally, cov_current_smoking_Prefer not to answer, cov_current_smoking_Yes, on most or all days",0.017160843935126593
total_cholesterol_mmol_L,Total cholesterol,diet_milk_type_used,Milk type used,-0.03650707915127611,2.2774377856976902e-102,101.64255347810787,346037,False,"cov_age_at_assessment, cov_body_mass_index, cov_fasting_time, cov_sex_Male, cov_alcohol_status_Never, cov_alcohol_status_Prefer not to answer, cov_alcohol_status_Previous, cov_current_smoking_Only occasionally, cov_current_smoking_Prefer not to answer, cov_current_smoking_Yes, on most or all days",0.03650707915127611
total_cholesterol_mmol_L,Total cholesterol,diet_spread_type,Spread type,-0.03386079801507041,2.5090118306406377e-88,87.6004972908696,346037,False,"cov_age_at_assessment, cov_body_mass_index, cov_fasting_time, cov_sex_Male, cov_alcohol_status_Never, cov_alcohol_status_Prefer not to answer, cov_alcohol_status_Previous, cov_current_smoking_Only occasionally, cov_current_smoking_Prefer not to answer, cov_current_smoking_Yes, on most or all days",0.03386079801507041
total_cholesterol_mmol_L,Total cholesterol,diet_non_butter_spread_type_details,Non-butter spread type details,-0.03683225199110129,5.096336363864158e-53,52.29274191580825,173035,False,"cov_age_at_assessment, cov_body_mass_index, cov_fasting_time, cov_sex_Male, cov_alcohol_status_Never, cov_alcohol_status_Prefer not to answer, cov_alcohol_status_Previous, cov_current_smoking_Only occasionally, cov_current_smoking_Prefer not to answer, cov_current_smoking_Yes, on most or all days",0.03683225199110129
total_cholesterol_mmol_L,Total cholesterol,diet_bread_intake,Bread intake,-0.02251071998139643,3.852962701123034e-39,38.41420519518499,337960,False,"cov_age_at_assessment, cov_body_mass_index, cov_fasting_time, cov_sex_Male, cov_alcohol_status_Never, cov_alcohol_status_Prefer not to answer, cov_alcohol_status_Previous, cov_current_smoking_Only occasionally, cov_current_smoking_Prefer not to answer, cov_current_smoking_Yes, on most or all days",0.02251071998139643
total_cholesterol_mmol_L,Total cholesterol,diet_bread_type,Bread type,-0.004578116025488454,0.008184929735741472,2.086985044475709,333627,False,"cov_age_at_assessment, cov_body_mass_index, cov_fasting_time, cov_sex_Male, cov_alcohol_status_Never, cov_alcohol_status_Prefer not to answer, cov_alcohol_status_Previous, cov_current_smoking_Only occasionally, cov_current_smoking_Prefer not to answer, cov_current_smoking_Yes, on most or all days",0.004578116025488454
total_cholesterol_mmol_L,Total cholesterol,diet_cereal_intake,Cereal intake,-0.06171967760822118,2.4422433229092397e-275,274.61221106908386,329366,False,"cov_age_at_assessment, cov_body_mass_index, cov_fasting_time, cov_sex_Male, cov_alcohol_status_Never, cov_alcohol_status_Prefer not to answer, cov_alcohol_status_Previous, cov_current_smoking_Only occasionally, cov_current_smoking_Prefer not to answer, cov_current_smoking_Yes, on most or all days",0.06171967760822118
total_cholesterol_mmol_L,Total cholesterol,diet_cereal_type,Cereal type,-2.7878924836537264e-05,0.9880961245933619,0.0052008040461699444,286405,False,"cov_age_at_assessment, cov_body_mass_index, cov_fasting_time, cov_sex_Male, cov_alcohol_status_Never, cov_alcohol_status_Prefer not to answer, cov_alcohol_status_Previous, cov_current_smoking_Only occasionally, cov_current_smoking_Prefer not to answer, cov_current_smoking_Yes, on most or all days",2.7878924836537264e-05
total_cholesterol_mmol_L,Total cholesterol,diet_salt_added_to_food,Salt added to food,0.009475199071053673,2.491241237402928e-08,7.603584215859644,346037,False,"cov_age_at_assessment, cov_body_mass_index, cov_fasting_time, cov_sex_Male, cov_alcohol_status_Never, cov_alcohol_status_Prefer not to answer, cov_alcohol_status_Previous, cov_current_smoking_Only occasionally, cov_current_smoking_Prefer not to answer, cov_current_smoking_Yes, on most or all days",0.009475199071053673
total_cholesterol_mmol_L,Total cholesterol,diet_tea_intake,Tea intake,-0.03177876811597574,1.7558102506364102e-75,74.75552241983894,334505,False,"cov_age_at_assessment, cov_body_mass_index, cov_fasting_time, cov_sex_Male, cov_alcohol_status_Never, cov_alcohol_status_Prefer not to answer, cov_alcohol_status_Previous, cov_current_smoking_Only occasionally, cov_current_smoking_Prefer not to answer, cov_current_smoking_Yes, on most or all days",0.03177876811597574
total_cholesterol_mmol_L,Total cholesterol,diet_coffee_intake,Coffee intake,0.05790397664592818,1.000818372185043e-235,234.99964473082727,320020,False,"cov_age_at_assessment, cov_body_mass_index, cov_fasting_time, cov_sex_Male, cov_alcohol_status_Never, cov_alcohol_status_Prefer not to answer, cov_alcohol_status_Previous, cov_current_smoking_Only occasionally, cov_current_smoking_Prefer not to answer, cov_current_smoking_Yes, on most or all days",0.05790397664592818
total_cholesterol_mmol_L,Total cholesterol,diet_coffee_type,Coffee type,-0.007220972178369652,0.00018039740511295406,3.743769713763203,268970,False,"cov_age_at_assessment, cov_body_mass_index, cov_fasting_time, cov_sex_Male, cov_alcohol_status_Never, cov_alcohol_status_Prefer not to answer, cov_alcohol_status_Previous, cov_current_smoking_Only occasionally, cov_current_smoking_Prefer not to answer, cov_current_smoking_Yes, on most or all days",0.007220972178369652
total_cholesterol_mmol_L,Total cholesterol,diet_hot_drink_temperature,Hot drink temperature,-0.0026939045656265677,0.11303813109435595,0.946775031468398,346037,False,"cov_age_at_assessment, cov_body_mass_index, cov_fasting_time, cov_sex_Male, cov_alcohol_status_Never, cov_alcohol_status_Prefer not to answer, cov_alcohol_status_Previous, cov_current_smoking_Only occasionally, cov_current_smoking_Prefer not to answer, cov_current_smoking_Yes, on most or all days",0.0026939045656265677
total_cholesterol_mmol_L,Total cholesterol,diet_water_intake,Water intake,-0.01689945404984485,1.143871848833769e-21,20.941622628044602,320173,False,"cov_age_at_assessment, cov_body_mass_index, cov_fasting_time, cov_sex_Male, cov_alcohol_status_Never, cov_alcohol_status_Prefer not to answer, cov_alcohol_status_Previous, cov_current_smoking_Only occasionally, cov_current_smoking_Prefer not to answer, cov_current_smoking_Yes, on most or all days",0.01689945404984485
total_cholesterol_mmol_L,Total cholesterol,diet_major_dietary_changes_in_the_last_5_years,Major dietary changes in the last 5 years,-0.02223059275941562,4.358589259834275e-39,38.36065405564217,346037,False,"cov_age_at_assessment, cov_body_mass_index, cov_fasting_time, cov_sex_Male, cov_alcohol_status_Never, cov_alcohol_status_Prefer not to answer, cov_alcohol_status_Previous, cov_current_smoking_Only occasionally, cov_current_smoking_Prefer not to answer, cov_current_smoking_Yes, on most or all days",0.02223059275941562
total_cholesterol_mmol_L,Total cholesterol,diet_variation_in_diet,Variation in diet,0.012340447132675255,3.885035396424829e-13,12.410605020002848,346037,False,"cov_age_at_assessment, cov_body_mass_index, cov_fasting_time, cov_sex_Male, cov_alcohol_status_Never, cov_alcohol_status_Prefer not to answer, cov_alcohol_status_Previous, cov_current_smoking_Only occasionally, cov_current_smoking_Prefer not to answer, cov_current_smoking_Yes, on most or all days",0.012340447132675255
hdl_cholesterol_mmol_L_log,HDL cholesterol (log),diet_cooked_vegetable_intake,Cooked vegetable intake,0.011382409637070368,3.003031134710521e-10,9.522440165116077,306195,False,"cov_age_at_assessment, cov_body_mass_index, cov_fasting_time, cov_sex_Male, cov_alcohol_status_Never, cov_alcohol_status_Prefer not to answer, cov_alcohol_status_Previous, cov_current_smoking_Only occasionally, cov_current_smoking_Prefer not to answer, cov_current_smoking_Yes, on most or all days",0.011382409637070368
hdl_cholesterol_mmol_L_log,HDL cholesterol (log),diet_salad_raw_vegetable_intake,Salad / raw vegetable intake,0.03279355262435221,1.1370245902056885e-71,70.94423014280993,297850,False,"cov_age_at_assessment, cov_body_mass_index, cov_fasting_time, cov_sex_Male, cov_alcohol_status_Never, cov_alcohol_status_Prefer not to answer, cov_alcohol_status_Previous, cov_current_smoking_Only occasionally, cov_current_smoking_Prefer not to answer, cov_current_smoking_Yes, on most or all days",0.03279355262435221
hdl_cholesterol_mmol_L_log,HDL cholesterol (log),diet_fresh_fruit_intake,Fresh fruit intake,-0.020666631150705963,3.558982532368099e-30,29.448674143526013,304964,False,"cov_age_at_assessment, cov_body_mass_index, cov_fasting_time, cov_sex_Male, cov_alcohol_status_Never, cov_alcohol_status_Prefer not to answer, cov_alcohol_status_Previous, cov_current_smoking_Only occasionally, cov_current_smoking_Prefer not to answer, cov_current_smoking_Yes, on most or all days",0.020666631150705963
hdl_cholesterol_mmol_L_log,HDL cholesterol (log),diet_dried_fruit_intake,Dried fruit intake,-0.007875671738767062,2.4341594369190245e-05,4.613650978979246,287216,False,"cov_age_at_assessment, cov_body_mass_index, cov_fasting_time, cov_sex_Male, cov_alcohol_status_Never, cov_alcohol_status_Prefer not to answer, cov_alcohol_status_Previous, cov_current_smoking_Only occasionally, cov_current_smoking_Prefer not to answer, cov_current_smoking_Yes, on most or all days",0.007875671738767062
hdl_cholesterol_mmol_L_log,HDL cholesterol (log),diet_oily_fish_intake,Oily fish intake,-0.015437076037731342,3.829674724794345e-18,17.416838111468966,316399,False,"cov_age_at_assessment, cov_body_mass_index, cov_fasting_time, cov_sex_Male, cov_alcohol_status_Never, cov_alcohol_status_Prefer not to answer, cov_alcohol_status_Previous, cov_current_smoking_Only occasionally, cov_current_smoking_Prefer not to answer, cov_current_smoking_Yes, on most or all days",0.015437076037731342
hdl_cholesterol_mmol_L_log,HDL cholesterol (log),diet_non_oily_fish_intake,Non-oily fish intake,-0.002867998251557013,0.10669509580928727,0.9718555422616882,316399,False,"cov_age_at_assessment, cov_body_mass_index, cov_fasting_time, cov_sex_Male, cov_alcohol_status_Never, cov_alcohol_status_Prefer not to answer, cov_alcohol_status_Previous, cov_current_smoking_Only occasionally, cov_current_smoking_Prefer not to answer, cov_current_smoking_Yes, on most or all days",0.002867998251557013
hdl_cholesterol_mmol_L_log,HDL cholesterol (log),diet_processed_meat_intake,Processed meat intake,-0.008442716635304142,2.0438495777495293e-06,5.6895510703559395,316399,False,"cov_age_at_assessment, cov_body_mass_index, cov_fasting_time, cov_sex_Male, cov_alcohol_status_Never, cov_alcohol_status_Prefer not to answer, cov_alcohol_status_Previous, cov_current_smoking_Only occasionally, cov_current_smoking_Prefer not to answer, cov_current_smoking_Yes, on most or all days",0.008442716635304142
hdl_cholesterol_mmol_L_log,HDL cholesterol (log),diet_poultry_intake,Poultry intake,-0.0008007966470152606,0.652392310105222,0.1854911667282535,316399,False,"cov_age_at_assessment, cov_body_mass_index, cov_fasting_time, cov_sex_Male, cov_alcohol_status_Never, cov_alcohol_status_Prefer not to answer, cov_alcohol_status_Previous, cov_current_smoking_Only occasionally, cov_current_smoking_Prefer not to answer, cov_current_smoking_Yes, on most or all days",0.0008007966470152606
hdl_cholesterol_mmol_L_log,HDL cholesterol (log),diet_beef_intake,Beef intake,-0.01068468312419838,1.8527951053793436e-09,8.7321726052484,316399,False,"cov_age_at_assessment, cov_body_mass_index, cov_fasting_time, cov_sex_Male, cov_alcohol_status_Never, cov_alcohol_status_Prefer not to answer, cov_alcohol_status_Previous, cov_current_smoking_Only occasionally, cov_current_smoking_Prefer not to answer, cov_current_smoking_Yes, on most or all days",0.01068468312419838
hdl_cholesterol_mmol_L_log,HDL cholesterol (log),diet_lamb_mutton_intake,Lamb/mutton intake,-0.005204107105692391,0.003419354241273537,2.4660559044502617,316399,False,"cov_age_at_assessment, cov_body_mass_index, cov_fasting_time, cov_sex_Male, cov_alcohol_status_Never, cov_alcohol_status_Prefer not to answer, cov_alcohol_status_Previous, cov_current_smoking_Only occasionally, cov_current_smoking_Prefer not to answer, cov_current_smoking_Yes, on most or all days",0.005204107105692391
hdl_cholesterol_mmol_L_log,HDL cholesterol (log),diet_pork_intake,Pork intake,-0.018719532500084627,6.250331862530236e-26,25.204096923097627,316399,False,"cov_age_at_assessment, cov_body_mass_index, cov_fasting_time, cov_sex_Male, cov_alcohol_status_Never, cov_alcohol_status_Prefer not to answer, cov_alcohol_status_Previous, cov_current_smoking_Only occasionally, cov_current_smoking_Prefer not to answer, cov_current_smoking_Yes, on most or all days",0.018719532500084627
hdl_cholesterol_mmol_L_log,HDL cholesterol (log),diet_age_when_last_ate_meat,Age when last ate meat,0.04458478870966754,1.0003591770499765e-07,6.999844039396227,14262,False,"cov_age_at_assessment, cov_body_mass_index, cov_fasting_time, cov_sex_Male, cov_alcohol_status_Never, cov_alcohol_status_Prefer not to answer, cov_alcohol_status_Previous, cov_current_smoking_Only occasionally, cov_current_smoking_Prefer not to answer, cov_current_smoking_Yes, on most or all days",0.04458478870966754
hdl_cholesterol_mmol_L_log,HDL cholesterol (log),diet_never_eat_eggs_dairy_wheat_sugar,"Never eat eggs, dairy, wheat, sugar",0.02790555761560193,1.519795194359839e-55,54.81821493307643,316399,False,"cov_age_at_assessment, cov_body_mass_index, cov_fasting_time, cov_sex_Male, cov_alcohol_status_Never, cov_alcohol_status_Prefer not to answer, cov_alcohol_status_Previous, cov_current_smoking_Only occasionally, cov_current_smoking_Prefer not to answer, cov_current_smoking_Yes, on most or all days",0.02790555761560193
hdl_cholesterol_mmol_L_log,HDL cholesterol (log),diet_cheese_intake,Cheese intake,-0.020018762724613177,8.088613744099419e-29,28.09212590297059,309561,False,"cov_age_at_assessment, cov_body_mass_index, cov_fasting_time, cov_sex_Male, cov_alcohol_status_Never, cov_alcohol_status_Prefer not to answer, cov_alcohol_status_Previous, cov_current_smoking_Only occasionally, cov_current_smoking_Prefer not to answer, cov_current_smoking_Yes, on most or all days",0.020018762724613177
hdl_cholesterol_mmol_L_log,HDL cholesterol (log),diet_milk_type_used,Milk type used,-0.024939954040051057,1.0116225141828065e-44,43.994981513771535,316399,False,"cov_age_at_assessment, cov_body_mass_index, cov_fasting_time, cov_sex_Male, cov_alcohol_status_Never, cov_alcohol_status_Prefer not to answer, cov_alcohol_status_Previous, cov_current_smoking_Only occasionally, cov_current_smoking_Prefer not to answer, cov_current_smoking_Yes, on most or all days",0.024939954040051057
hdl_cholesterol_mmol_L_log,HDL cholesterol (log),diet_spread_type,Spread type,-0.03448791390441288,7.012104198248308e-84,83.15415163901463,316399,False,"cov_age_at_assessment, cov_body_mass_index, cov_fasting_time, cov_sex_Male, cov_alcohol_status_Never, cov_alcohol_status_Prefer not to answer, cov_alcohol_status_Previous, cov_current_smoking_Only occasionally, cov_current_smoking_Prefer not to answer, cov_current_smoking_Yes, on most or all days",0.03448791390441288
hdl_cholesterol_mmol_L_log,HDL cholesterol (log),diet_non_butter_spread_type_details,Non-butter spread type details,-0.012881534420162644,2.93500950875492e-07,6.532390487399978,158438,False,"cov_age_at_assessment, cov_body_mass_index, cov_fasting_time, cov_sex_Male, cov_alcohol_status_Never, cov_alcohol_status_Prefer not to answer, cov_alcohol_status_Previous, cov_current_smoking_Only occasionally, cov_current_smoking_Prefer not to answer, cov_current_smoking_Yes, on most or all days",0.012881534420162644
hdl_cholesterol_mmol_L_log,HDL cholesterol (log),diet_bread_intake,Bread intake,-0.03092752974494086,2.8154134644131187e-66,65.55045781675325,309023,False,"cov_age_at_assessment, cov_body_mass_index, cov_fasting_time, cov_sex_Male, cov_alcohol_status_Never, cov_alcohol_status_Prefer not to answer, cov_alcohol_status_Previous, cov_current_smoking_Only occasionally, cov_current_smoking_Prefer not to answer, cov_current_smoking_Yes, on most or all days",0.03092752974494086
hdl_cholesterol_mmol_L_log,HDL cholesterol (log),diet_bread_type,Bread type,0.01451011654813611,1.1034400139716855e-15,14.957251271300871,305069,False,"cov_age_at_assessment, cov_body_mass_index, cov_fasting_time, cov_sex_Male, cov_alcohol_status_Never, cov_alcohol_status_Prefer not to answer, cov_alcohol_status_Previous, cov_current_smoking_Only occasionally, cov_current_smoking_Prefer not to answer, cov_current_smoking_Yes, on most or all days",0.01451011654813611
hdl_cholesterol_mmol_L_log,HDL cholesterol (log),diet_cereal_intake,Cereal intake,-0.08175368638428966,0.0,inf,301129,False,"cov_age_at_assessment, cov_body_mass_index, cov_fasting_time, cov_sex_Male, cov_alcohol_status_Never, cov_alcohol_status_Prefer not to answer, cov_alcohol_status_Previous, cov_current_smoking_Only occasionally, cov_current_smoking_Prefer not to answer, cov_current_smoking_Yes, on most or all days",0.08175368638428966
hdl_cholesterol_mmol_L_log,HDL cholesterol (log),diet_cereal_type,Cereal type,-0.010489505371443233,8.020806147050556e-08,7.095781979892762,261745,False,"cov_age_at_assessment, cov_body_mass_index, cov_fasting_time, cov_sex_Male, cov_alcohol_status_Never, cov_alcohol_status_Prefer not to answer, cov_alcohol_status_Previous, cov_current_smoking_Only occasionally, cov_current_smoking_Prefer not to answer, cov_current_smoking_Yes, on most or all days",0.010489505371443233
hdl_cholesterol_mmol_L_log,HDL cholesterol (log),diet_salt_added_to_food,Salt added to food,0.026048620063515306,1.2587839235069891e-48,47.90004881229265,316399,False,"cov_age_at_assessment, cov_body_mass_index, cov_fasting_time, cov_sex_Male, cov_alcohol_status_Never, cov_alcohol_status_Prefer not to answer, cov_alcohol_status_Previous, cov_current_smoking_Only occasionally, cov_current_smoking_Prefer not to answer, cov_current_smoking_Yes, on most or all days",0.026048620063515306
hdl_cholesterol_mmol_L_log,HDL cholesterol (log),diet_tea_intake,Tea intake,-0.007624561920932108,2.4803702126024706e-05,4.605483492846799,305831,False,"cov_age_at_assessment, cov_body_mass_index, cov_fasting_time, cov_sex_Male, cov_alcohol_status_Never, cov_alcohol_status_Prefer not to answer, cov_alcohol_status_Previous, cov_current_smoking_Only occasionally, cov_current_smoking_Prefer not to answer, cov_current_smoking_Yes, on most or all days",0.007624561920932108
hdl_cholesterol_mmol_L_log,HDL cholesterol (log),diet_coffee_intake,Coffee intake,0.04134946890324035,6.879945077375293e-111,110.16241502872496,292565,False,"cov_age_at_assessment, cov_body_mass_index, cov_fasting_time, cov_sex_Male, cov_alcohol_status_Never, cov_alcohol_status_Prefer not to answer, cov_alcohol_status_Previous, cov_current_smoking_Only occasionally, cov_current_smoking_Prefer not to answer, cov_current_smoking_Yes, on most or all days",0.04134946890324035
hdl_cholesterol_mmol_L_log,HDL cholesterol (log),diet_coffee_type,Coffee type,0.011064740354048995,4.037852089708623e-08,7.393849593713298,246100,False,"cov_age_at_assessment, cov_body_mass_index, cov_fasting_time, cov_sex_Male, cov_alcohol_status_Never, cov_alcohol_status_Prefer not to answer, cov_alcohol_status_Previous, cov_current_smoking_Only occasionally, cov_current_smoking_Prefer not to answer, cov_current_smoking_Yes, on most or all days",0.011064740354048995
hdl_cholesterol_mmol_L_log,HDL cholesterol (log),diet_hot_drink_temperature,Hot drink temperature,-0.010086709117434277,1.3963907466351612e-08,7.854993037757174,316399,False,"cov_age_at_assessment, cov_body_mass_index, cov_fasting_time, cov_sex_Male, cov_alcohol_status_Never, cov_alcohol_status_Prefer not to answer, cov_alcohol_status_Previous, cov_current_smoking_Only occasionally, cov_current_smoking_Prefer not to answer, cov_current_smoking_Yes, on most or all days",0.010086709117434277
hdl_cholesterol_mmol_L_log,HDL cholesterol (log),diet_water_intake,Water intake,0.034863357271443234,2.202357590154625e-79,78.65711216455477,292635,False,"cov_age_at_assessment, cov_body_mass_index, cov_fasting_time, cov_sex_Male, cov_alcohol_status_Never, cov_alcohol_status_Prefer not to answer, cov_alcohol_status_Previous, cov_current_smoking_Only occasionally, cov_current_smoking_Prefer not to answer, cov_current_smoking_Yes, on most or all days",0.034863357271443234
hdl_cholesterol_mmol_L_log,HDL cholesterol (log),diet_major_dietary_changes_in_the_last_5_years,Major dietary changes in the last 5 years,-0.018882244057496136,2.3534659297587984e-26,25.628292084429766,316399,False,"cov_age_at_assessment, cov_body_mass_index, cov_fasting_time, cov_sex_Male, cov_alcohol_status_Never, cov_alcohol_status_Prefer not to answer, cov_alcohol_status_Previous, cov_current_smoking_Only occasionally, cov_current_smoking_Prefer not to answer, cov_current_smoking_Yes, on most or all days",0.018882244057496136
hdl_cholesterol_mmol_L_log,HDL cholesterol (log),diet_variation_in_diet,Variation in diet,-0.0062564758246901825,0.00043277217137188527,3.363740673521171,316399,False,"cov_age_at_assessment, cov_body_mass_index, cov_fasting_time, cov_sex_Male, cov_alcohol_status_Never, cov_alcohol_status_Prefer not to answer, cov_alcohol_status_Previous, cov_current_smoking_Only occasionally, cov_current_smoking_Prefer not to answer, cov_current_smoking_Yes, on most or all days",0.0062564758246901825
ldl_cholesterol_mmol_L,LDL cholesterol,diet_cooked_vegetable_intake,Cooked vegetable intake,-0.021264822014318948,9.160326520440916e-35,34.03808904560089,334447,False,"cov_age_at_assessment, cov_body_mass_index, cov_fasting_time, cov_sex_Male, cov_alcohol_status_Never, cov_alcohol_status_Prefer not to answer, cov_alcohol_status_Previous, cov_current_smoking_Only occasionally, cov_current_smoking_Prefer not to answer, cov_current_smoking_Yes, on most or all days",0.021264822014318948
ldl_cholesterol_mmol_L,LDL cholesterol,diet_salad_raw_vegetable_intake,Salad / raw vegetable intake,-0.02579401415924268,5.0418231791656486e-49,48.29741238945275,325415,False,"cov_age_at_assessment, cov_body_mass_index, cov_fasting_time, cov_sex_Male, cov_alcohol_status_Never, cov_alcohol_status_Prefer not to answer, cov_alcohol_status_Previous, cov_current_smoking_Only occasionally, cov_current_smoking_Prefer not to answer, cov_current_smoking_Yes, on most or all days",0.02579401415924268
ldl_cholesterol_mmol_L,LDL cholesterol,diet_fresh_fruit_intake,Fresh fruit intake,-0.03164823845363139,1.4523525011096265e-74,73.83792796303875,333067,False,"cov_age_at_assessment, cov_body_mass_index, cov_fasting_time, cov_sex_Male, cov_alcohol_status_Never, cov_alcohol_status_Prefer not to answer, cov_alcohol_status_Previous, cov_current_smoking_Only occasionally, cov_current_smoking_Prefer not to answer, cov_current_smoking_Yes, on most or all days",0.03164823845363139
ldl_cholesterol_mmol_L,LDL cholesterol,diet_dried_fruit_intake,Dried fruit intake,-0.004686950112071305,0.008670504357044348,2.0619556391892497,313620,False,"cov_age_at_assessment, cov_body_mass_index, cov_fasting_time, cov_sex_Male, cov_alcohol_status_Never, cov_alcohol_status_Prefer not to answer, cov_alcohol_status_Previous, cov_current_smoking_Only occasionally, cov_current_smoking_Prefer not to answer, cov_current_smoking_Yes, on most or all days",0.004686950112071305
ldl_cholesterol_mmol_L,LDL cholesterol,diet_oily_fish_intake,Oily fish intake,0.013893050246171367,3.1634699911134134e-16,15.499836280931612,345528,False,"cov_age_at_assessment, cov_body_mass_index, cov_fasting_time, cov_sex_Male, cov_alcohol_status_Never, cov_alcohol_status_Prefer not to answer, cov_alcohol_status_Previous, cov_current_smoking_Only occasionally, cov_current_smoking_Prefer not to answer, cov_current_smoking_Yes, on most or all days",0.013893050246171367
ldl_cholesterol_mmol_L,LDL cholesterol,diet_non_oily_fish_intake,Non-oily fish intake,0.011972082480353244,1.95562431252812e-12,11.708714572179746,345528,False,"cov_age_at_assessment, cov_body_mass_index, cov_fasting_time, cov_sex_Male, cov_alcohol_status_Never, cov_alcohol_status_Prefer not to answer, cov_alcohol_status_Previous, cov_current_smoking_Only occasionally, cov_current_smoking_Prefer not to answer, cov_current_smoking_Yes, on most or all days",0.011972082480353244
ldl_cholesterol_mmol_L,LDL cholesterol,diet_processed_meat_intake,Processed meat intake,-0.006782020840276338,6.702298746974567e-05,4.17377621791064,345528,False,"cov_age_at_assessment, cov_body_mass_index, cov_fasting_time, cov_sex_Male, cov_alcohol_status_Never, cov_alcohol_status_Prefer not to answer, cov_alcohol_status_Previous, cov_current_smoking_Only occasionally, cov_current_smoking_Prefer not to answer, cov_current_smoking_Yes, on most or all days",0.006782020840276338
ldl_cholesterol_mmol_L,LDL cholesterol,diet_poultry_intake,Poultry intake,-3.354511856532253e-05,0.9842680954584224,0.00688659209729644,345528,False,"cov_age_at_assessment, cov_body_mass_index, cov_fasting_time, cov_sex_Male, cov_alcohol_status_Never, cov_alcohol_status_Prefer not to answer, cov_alcohol_status_Previous, cov_current_smoking_Only occasionally, cov_current_smoking_Prefer not to answer, cov_current_smoking_Yes, on most or all days",3.354511856532253e-05
ldl_cholesterol_mmol_L,LDL cholesterol,diet_beef_intake,Beef intake,0.0019413734188653347,0.25380006687345535,0.5955082678096009,345528,False,"cov_age_at_assessment, cov_body_mass_index, cov_fasting_time, cov_sex_Male, cov_alcohol_status_Never, cov_alcohol_status_Prefer not to answer, cov_alcohol_status_Previous, cov_current_smoking_Only occasionally, cov_current_smoking_Prefer not to answer, cov_current_smoking_Yes, on most or all days",0.0019413734188653347
ldl_cholesterol_mmol_L,LDL cholesterol,diet_lamb_mutton_intake,Lamb/mutton intake,-0.0050097266618315565,0.0032315637885088596,2.490587267027712,345528,False,"cov_age_at_assessment, cov_body_mass_index, cov_fasting_time, cov_sex_Male, cov_alcohol_status_Never, cov_alcohol_status_Prefer not to answer, cov_alcohol_status_Previous, cov_current_smoking_Only occasionally, cov_current_smoking_Prefer not to answer, cov_current_smoking_Yes, on most or all days",0.0050097266618315565
ldl_cholesterol_mmol_L,LDL cholesterol,diet_pork_intake,Pork intake,-0.014571075679888882,1.0757102244911686e-17,16.96830470344049,345528,False,"cov_age_at_assessment, cov_body_mass_index, cov_fasting_time, cov_sex_Male, cov_alcohol_status_Never, cov_alcohol_status_Prefer not to answer, cov_alcohol_status_Previous, cov_current_smoking_Only occasionally, cov_current_smoking_Prefer not to answer, cov_current_smoking_Yes, on most or all days",0.014571075679888882
ldl_cholesterol_mmol_L,LDL cholesterol,diet_age_when_last_ate_meat,Age when last ate meat,0.012000101594602108,0.13245258306513066,0.8779395677556222,15720,False,"cov_age_at_assessment, cov_body_mass_index, cov_fasting_time, cov_sex_Male, cov_alcohol_status_Never, cov_alcohol_status_Prefer not to answer, cov_alcohol_status_Previous, cov_current_smoking_Only occasionally, cov_current_smoking_Prefer not to answer, cov_current_smoking_Yes, on most or all days",0.012000101594602108
ldl_cholesterol_mmol_L,LDL cholesterol,diet_never_eat_eggs_dairy_wheat_sugar,"Never eat eggs, dairy, wheat, sugar",-0.01727014148252406,3.2334286966953935e-24,23.49033671163759,345528,False,"cov_age_at_assessment, cov_body_mass_index, cov_fasting_time, cov_sex_Male, cov_alcohol_status_Never, cov_alcohol_status_Prefer not to answer, cov_alcohol_status_Previous, cov_current_smoking_Only occasionally, cov_current_smoking_Prefer not to answer, cov_current_smoking_Yes, on most or all days",0.01727014148252406
ldl_cholesterol_mmol_L,LDL cholesterol,diet_cheese_intake,Cheese intake,-0.012953394055742608,5.002268418386492e-14,13.30083300802806,338068,False,"cov_age_at_assessment, cov_body_mass_index, cov_fasting_time, cov_sex_Male, cov_alcohol_status_Never, cov_alcohol_status_Prefer not to answer, cov_alcohol_status_Previous, cov_current_smoking_Only occasionally, cov_current_smoking_Prefer not to answer, cov_current_smoking_Yes, on most or all days",0.012953394055742608
ldl_cholesterol_mmol_L,LDL cholesterol,diet_milk_type_used,Milk type used,-0.03046566935582217,9.453031603396041e-72,71.02442889016965,345528,False,"cov_age_at_assessment, cov_body_mass_index, cov_fasting_time, cov_sex_Male, cov_alcohol_status_Never, cov_alcohol_status_Prefer not to answer, cov_alcohol_status_Previous, cov_current_smoking_Only occasionally, cov_current_smoking_Prefer not to answer, cov_current_smoking_Yes, on most or all days",0.03046566935582217
ldl_cholesterol_mmol_L,LDL cholesterol,diet_spread_type,Spread type,-0.028828933184585605,1.9383992456459603e-64,63.712556767882035,345528,False,"cov_age_at_assessment, cov_body_mass_index, cov_fasting_time, cov_sex_Male, cov_alcohol_status_Never, cov_alcohol_status_Prefer not to answer, cov_alcohol_status_Previous, cov_current_smoking_Only occasionally, cov_current_smoking_Prefer not to answer, cov_current_smoking_Yes, on most or all days",0.028828933184585605
ldl_cholesterol_mmol_L,LDL cholesterol,diet_non_butter_spread_type_details,Non-butter spread type details,-0.034034472965384546,1.851904252549407e-45,44.73238147103658,172769,False,"cov_age_at_assessment, cov_body_mass_index, cov_fasting_time, cov_sex_Male, cov_alcohol_status_Never, cov_alcohol_status_Prefer not to answer, cov_alcohol_status_Previous, cov_current_smoking_Only occasionally, cov_current_smoking_Prefer not to answer, cov_current_smoking_Yes, on most or all days",0.034034472965384546
ldl_cholesterol_mmol_L,LDL cholesterol,diet_bread_intake,Bread intake,-0.020143509566477723,1.2313020159672216e-31,30.909635409472713,337469,False,"cov_age_at_assessment, cov_body_mass_index, cov_fasting_time, cov_sex_Male, cov_alcohol_status_Never, cov_alcohol_status_Prefer not to answer, cov_alcohol_status_Previous, cov_current_smoking_Only occasionally, cov_current_smoking_Prefer not to answer, cov_current_smoking_Yes, on most or all days",0.020143509566477723
ldl_cholesterol_mmol_L,LDL cholesterol,diet_bread_type,Bread type,-0.004087849455831775,0.01830511166221419,1.7374276175535208,333126,False,"cov_age_at_assessment, cov_body_mass_index, cov_fasting_time, cov_sex_Male, cov_alcohol_status_Never, cov_alcohol_status_Prefer not to answer, cov_alcohol_status_Previous, cov_current_smoking_Only occasionally, cov_current_smoking_Prefer not to answer, cov_current_smoking_Yes, on most or all days",0.004087849455831775
ldl_cholesterol_mmol_L,LDL cholesterol,diet_cereal_intake,Cereal intake,-0.03720125081636116,4.66065172478765e-101,100.33155334925667,328885,False,"cov_age_at_assessment, cov_body_mass_index, cov_fasting_time, cov_sex_Male, cov_alcohol_status_Never, cov_alcohol_status_Prefer not to answer, cov_alcohol_status_Previous, cov_current_smoking_Only occasionally, cov_current_smoking_Prefer not to answer, cov_current_smoking_Yes, on most or all days",0.03720125081636116
ldl_cholesterol_mmol_L,LDL cholesterol,diet_cereal_type,Cereal type,0.0010493049289312809,0.5747105015797703,0.24055086701024508,285972,False,"cov_age_at_assessment, cov_body_mass_index, cov_fasting_time, cov_sex_Male, cov_alcohol_status_Never, cov_alcohol_status_Prefer not to answer, cov_alcohol_status_Previous, cov_current_smoking_Only occasionally, cov_current_smoking_Prefer not to answer, cov_current_smoking_Yes, on most or all days",0.0010493049289312809
ldl_cholesterol_mmol_L,LDL cholesterol,diet_salt_added_to_food,Salt added to food,0.002495715958331694,0.14237075290599185,0.8465792182561498,345528,False,"cov_age_at_assessment, cov_body_mass_index, cov_fasting_time, cov_sex_Male, cov_alcohol_status_Never, cov_alcohol_status_Prefer not to answer, cov_alcohol_status_Previous, cov_current_smoking_Only occasionally, cov_current_smoking_Prefer not to answer, cov_current_smoking_Yes, on most or all days",0.002495715958331694
ldl_cholesterol_mmol_L,LDL cholesterol,diet_tea_intake,Tea intake,-0.028809629428932195,2.855741955188948e-62,61.544281037967494,334008,False,"cov_age_at_assessment, cov_body_mass_index, cov_fasting_time, cov_sex_Male, cov_alcohol_status_Never, cov_alcohol_status_Prefer not to answer, cov_alcohol_status_Previous, cov_current_smoking_Only occasionally, cov_current_smoking_Prefer not to answer, cov_current_smoking_Yes, on most or all days",0.028809629428932195
ldl_cholesterol_mmol_L,LDL cholesterol,diet_coffee_intake,Coffee intake,0.05296139786872872,3.3217422750556375e-197,196.4786340663046,319551,False,"cov_age_at_assessment, cov_body_mass_index, cov_fasting_time, cov_sex_Male, cov_alcohol_status_Never, cov_alcohol_status_Prefer not to answer, cov_alcohol_status_Previous, cov_current_smoking_Only occasionally, cov_current_smoking_Prefer not to answer, cov_current_smoking_Yes, on most or all days",0.05296139786872872
ldl_cholesterol_mmol_L,LDL cholesterol,diet_coffee_type,Coffee type,-0.012528313480895573,8.414474598454783e-11,10.074972996279422,268581,False,"cov_age_at_assessment, cov_body_mass_index, cov_fasting_time, cov_sex_Male, cov_alcohol_status_Never, cov_alcohol_status_Prefer not to answer, cov_alcohol_status_Previous, cov_current_smoking_Only occasionally, cov_current_smoking_Prefer not to answer, cov_current_smoking_Yes, on most or all days",0.012528313480895573
ldl_cholesterol_mmol_L,LDL cholesterol,diet_hot_drink_temperature,Hot drink temperature,-0.001947576389854541,0.25228617851950336,0.5981065416232666,345528,False,"cov_age_at_assessment, cov_body_mass_index, cov_fasting_time, cov_sex_Male, cov_alcohol_status_Never, cov_alcohol_status_Prefer not to answer, cov_alcohol_status_Previous, cov_current_smoking_Only occasionally, cov_current_smoking_Prefer not to answer, cov_current_smoking_Yes, on most or all days",0.001947576389854541
ldl_cholesterol_mmol_L,LDL cholesterol,diet_water_intake,Water intake,-0.030570638814013045,5.670501625732883e-67,66.24637852070998,319700,False,"cov_age_at_assessment, cov_body_mass_index, cov_fasting_time, cov_sex_Male, cov_alcohol_status_Never, cov_alcohol_status_Prefer not to answer, cov_alcohol_status_Previous, cov_current_smoking_Only occasionally, cov_current_smoking_Prefer not to answer, cov_current_smoking_Yes, on most or all days",0.030570638814013045
ldl_cholesterol_mmol_L,LDL cholesterol,diet_major_dietary_changes_in_the_last_5_years,Major dietary changes in the last 5 years,-0.015926068268814746,7.81212582418753e-21,20.107230770464795,345528,False,"cov_age_at_assessment, cov_body_mass_index, cov_fasting_time, cov_sex_Male, cov_alcohol_status_Never, cov_alcohol_status_Prefer not to answer, cov_alcohol_status_Previous, cov_current_smoking_Only occasionally, cov_current_smoking_Prefer not to answer, cov_current_smoking_Yes, on most or all days",0.015926068268814746
ldl_cholesterol_mmol_L,LDL cholesterol,diet_variation_in_diet,Variation in diet,0.014068239515688597,1.3404919830365745e-16,15.872735779020445,345528,False,"cov_age_at_assessment, cov_body_mass_index, cov_fasting_time, cov_sex_Male, cov_alcohol_status_Never, cov_alcohol_status_Prefer not to answer, cov_alcohol_status_Previous, cov_current_smoking_Only occasionally, cov_current_smoking_Prefer not to answer, cov_current_smoking_Yes, on most or all days",0.014068239515688597
apolipoprotein_a_g_L_log,Apolipoprotein A (log),diet_cooked_vegetable_intake,Cooked vegetable intake,0.0022181620345245105,0.22112217629442915,0.6553676999389888,304270,False,"cov_age_at_assessment, cov_body_mass_index, cov_fasting_time, cov_sex_Male, cov_alcohol_status_Never, cov_alcohol_status_Prefer not to answer, cov_alcohol_status_Previous, cov_current_smoking_Only occasionally, cov_current_smoking_Prefer not to answer, cov_current_smoking_Yes, on most or all days",0.0022181620345245105
apolipoprotein_a_g_L_log,Apolipoprotein A (log),diet_salad_raw_vegetable_intake,Salad / raw vegetable intake,0.02444925782239426,2.2188881699723707e-40,39.65386458527938,295973,False,"cov_age_at_assessment, cov_body_mass_index, cov_fasting_time, cov_sex_Male, cov_alcohol_status_Never, cov_alcohol_status_Prefer not to answer, cov_alcohol_status_Previous, cov_current_smoking_Only occasionally, cov_current_smoking_Prefer not to answer, cov_current_smoking_Yes, on most or all days",0.02444925782239426
apolipoprotein_a_g_L_log,Apolipoprotein A (log),diet_fresh_fruit_intake,Fresh fruit intake,-0.04404500314268206,5.221754565701128e-130,129.28218354485827,303082,False,"cov_age_at_assessment, cov_body_mass_index, cov_fasting_time, cov_sex_Male, cov_alcohol_status_Never, cov_alcohol_status_Prefer not to answer, cov_alcohol_status_Previous, cov_current_smoking_Only occasionally, cov_current_smoking_Prefer not to answer, cov_current_smoking_Yes, on most or all days",0.04404500314268206
apolipoprotein_a_g_L_log,Apolipoprotein A (log),diet_dried_fruit_intake,Dried fruit intake,-0.01901200566703481,3.046037816831795e-24,23.51626470916169,285433,False,"cov_age_at_assessment, cov_body_mass_index, cov_fasting_time, cov_sex_Male, cov_alcohol_status_Never, cov_alcohol_status_Prefer not to answer, cov_alcohol_status_Previous, cov_current_smoking_Only occasionally, cov_current_smoking_Prefer not to answer, cov_current_smoking_Yes, on most or all days",0.01901200566703481
apolipoprotein_a_g_L_log,Apolipoprotein A (log),diet_oily_fish_intake,Oily fish intake,-0.005318197550730572,0.0028621594576636955,2.543306174330848,314436,False,"cov_age_at_assessment, cov_body_mass_index, cov_fasting_time, cov_sex_Male, cov_alcohol_status_Never, cov_alcohol_status_Prefer not to answer, cov_alcohol_status_Previous, cov_current_smoking_Only occasionally, cov_current_smoking_Prefer not to answer, cov_current_smoking_Yes, on most or all days",0.005318197550730572
apolipoprotein_a_g_L_log,Apolipoprotein A (log),diet_non_oily_fish_intake,Non-oily fish intake,0.0003443471817278116,0.8468880773765672,0.07217398115634223,314436,False,"cov_age_at_assessment, cov_body_mass_index, cov_fasting_time, cov_sex_Male, cov_alcohol_status_Never, cov_alcohol_status_Prefer not to answer, cov_alcohol_status_Previous, cov_current_smoking_Only occasionally, cov_current_smoking_Prefer not to answer, cov_current_smoking_Yes, on most or all days",0.0003443471817278116
apolipoprotein_a_g_L_log,Apolipoprotein A (log),diet_processed_meat_intake,Processed meat intake,-0.01643808838479078,3.0219315457445203e-20,19.5197153777343,314436,False,"cov_age_at_assessment, cov_body_mass_index, cov_fasting_time, cov_sex_Male, cov_alcohol_status_Never, cov_alcohol_status_Prefer not to answer, cov_alcohol_status_Previous, cov_current_smoking_Only occasionally, cov_current_smoking_Prefer not to answer, cov_current_smoking_Yes, on most or all days",0.01643808838479078
apolipoprotein_a_g_L_log,Apolipoprotein A (log),diet_poultry_intake,Poultry intake,-0.0009857227947430362,0.5804428396810299,0.2362405418744,314436,False,"cov_age_at_assessment, cov_body_mass_index, cov_fasting_time, cov_sex_Male, cov_alcohol_status_Never, cov_alcohol_status_Prefer not to answer, cov_alcohol_status_Previous, cov_current_smoking_Only occasionally, cov_current_smoking_Prefer not to answer, cov_current_smoking_Yes, on most or all days",0.0009857227947430362
apolipoprotein_a_g_L_log,Apolipoprotein A (log),diet_beef_intake,Beef intake,-0.008323155349088457,3.0527597250826045e-06,5.515307376565151,314436,False,"cov_age_at_assessment, cov_body_mass_index, cov_fasting_time, cov_sex_Male, cov_alcohol_status_Never, cov_alcohol_status_Prefer not to answer, cov_alcohol_status_Previous, cov_current_smoking_Only occasionally, cov_current_smoking_Prefer not to answer, cov_current_smoking_Yes, on most or all days",0.008323155349088457
apolipoprotein_a_g_L_log,Apolipoprotein A (log),diet_lamb_mutton_intake,Lamb/mutton intake,-0.0017339856620859182,0.33089024749782825,0.4803160328410363,314436,False,"cov_age_at_assessment, cov_body_mass_index, cov_fasting_time, cov_sex_Male, cov_alcohol_status_Never, cov_alcohol_status_Prefer not to answer, cov_alcohol_status_Previous, cov_current_smoking_Only occasionally, cov_current_smoking_Prefer not to answer, cov_current_smoking_Yes, on most or all days",0.0017339856620859182
apolipoprotein_a_g_L_log,Apolipoprotein A (log),diet_pork_intake,Pork intake,-0.01604955459565192,2.251708292982968e-19,18.647487872681065,314436,False,"cov_age_at_assessment, cov_body_mass_index, cov_fasting_time, cov_sex_Male, cov_alcohol_status_Never, cov_alcohol_status_Prefer not to answer, cov_alcohol_status_Previous, cov_current_smoking_Only occasionally, cov_current_smoking_Prefer not to answer, cov_current_smoking_Yes, on most or all days",0.01604955459565192
apolipoprotein_a_g_L_log,Apolipoprotein A (log),diet_age_when_last_ate_meat,Age when last ate meat,0.026348328604032516,0.001715630728184856,2.765576183835616,14159,False,"cov_age_at_assessment, cov_body_mass_index, cov_fasting_time, cov_sex_Male, cov_alcohol_status_Never, cov_alcohol_status_Prefer not to answer, cov_alcohol_status_Previous, cov_current_smoking_Only occasionally, cov_current_smoking_Prefer not to answer, cov_current_smoking_Yes, on most or all days",0.026348328604032516
apolipoprotein_a_g_L_log,Apolipoprotein A (log),diet_never_eat_eggs_dairy_wheat_sugar,"Never eat eggs, dairy, wheat, sugar",0.01979527094795374,1.2382460459378602e-28,27.907193050165706,314436,False,"cov_age_at_assessment, cov_body_mass_index, cov_fasting_time, cov_sex_Male, cov_alcohol_status_Never, cov_alcohol_status_Prefer not to answer, cov_alcohol_status_Previous, cov_current_smoking_Only occasionally, cov_current_smoking_Prefer not to answer, cov_current_smoking_Yes, on most or all days",0.01979527094795374
apolipoprotein_a_g_L_log,Apolipoprotein A (log),diet_cheese_intake,Cheese intake,-0.0269360444991153,1.7362996669335095e-50,49.76037531806259,307638,False,"cov_age_at_assessment, cov_body_mass_index, cov_fasting_time, cov_sex_Male, cov_alcohol_status_Never, cov_alcohol_status_Prefer not to answer, cov_alcohol_status_Previous, cov_current_smoking_Only occasionally, cov_current_smoking_Prefer not to answer, cov_current_smoking_Yes, on most or all days",0.0269360444991153
apolipoprotein_a_g_L_log,Apolipoprotein A (log),diet_milk_type_used,Milk type used,-0.0397081260847157,6.477114417371775e-110,109.18861843112361,314436,False,"cov_age_at_assessment, cov_body_mass_index, cov_fasting_time, cov_sex_Male, cov_alcohol_status_Never, cov_alcohol_status_Prefer not to answer, cov_alcohol_status_Previous, cov_current_smoking_Only occasionally, cov_current_smoking_Prefer not to answer, cov_current_smoking_Yes, on most or all days",0.0397081260847157
apolipoprotein_a_g_L_log,Apolipoprotein A (log),diet_spread_type,Spread type,-0.03692348586001851,2.7184225247273633e-95,94.56568303991548,314436,False,"cov_age_at_assessment, cov_body_mass_index, cov_fasting_time, cov_sex_Male, cov_alcohol_status_Never, cov_alcohol_status_Prefer not to answer, cov_alcohol_status_Previous, cov_current_smoking_Only occasionally, cov_current_smoking_Prefer not to answer, cov_current_smoking_Yes, on most or all days",0.03692348586001851
apolipoprotein_a_g_L_log,Apolipoprotein A (log),diet_non_butter_spread_type_details,Non-butter spread type details,-0.008763279642302797,0.0005024281106878327,3.2989260699574126,157645,False,"cov_age_at_assessment, cov_body_mass_index, cov_fasting_time, cov_sex_Male, cov_alcohol_status_Never, cov_alcohol_status_Prefer not to answer, cov_alcohol_status_Previous, cov_current_smoking_Only occasionally, cov_current_smoking_Prefer not to answer, cov_current_smoking_Yes, on most or all days",0.008763279642302797
apolipoprotein_a_g_L_log,Apolipoprotein A (log),diet_bread_intake,Bread intake,-0.015280073127108025,2.4903974146913375e-17,16.603731343171138,307109,False,"cov_age_at_assessment, cov_body_mass_index, cov_fasting_time, cov_sex_Male, cov_alcohol_status_Never, cov_alcohol_status_Prefer not to answer, cov_alcohol_status_Previous, cov_current_smoking_Only occasionally, cov_current_smoking_Prefer not to answer, cov_current_smoking_Yes, on most or all days",0.015280073127108025
apolipoprotein_a_g_L_log,Apolipoprotein A (log),diet_bread_type,Bread type,0.0018650269621762828,0.30444033601398157,0.5164978073950199,303206,False,"cov_age_at_assessment, cov_body_mass_index, cov_fasting_time, cov_sex_Male, cov_alcohol_status_Never, cov_alcohol_status_Prefer not to answer, cov_alcohol_status_Previous, cov_current_smoking_Only occasionally, cov_current_smoking_Prefer not to answer, cov_current_smoking_Yes, on most or all days",0.0018650269621762828
apolipoprotein_a_g_L_log,Apolipoprotein A (log),diet_cereal_intake,Cereal intake,-0.09238307072678226,0.0,inf,299295,False,"cov_age_at_assessment, cov_body_mass_index, cov_fasting_time, cov_sex_Male, cov_alcohol_status_Never, cov_alcohol_status_Prefer not to answer, cov_alcohol_status_Previous, cov_current_smoking_Only occasionally, cov_current_smoking_Prefer not to answer, cov_current_smoking_Yes, on most or all days",0.09238307072678226
apolipoprotein_a_g_L_log,Apolipoprotein A (log),diet_cereal_type,Cereal type,-0.0051839685253982125,0.008167307915201042,2.0879210707918237,260345,False,"cov_age_at_assessment, cov_body_mass_index, cov_fasting_time, cov_sex_Male, cov_alcohol_status_Never, cov_alcohol_status_Prefer not to answer, cov_alcohol_status_Previous, cov_current_smoking_Only occasionally, cov_current_smoking_Prefer not to answer, cov_current_smoking_Yes, on most or all days",0.0051839685253982125
apolipoprotein_a_g_L_log,Apolipoprotein A (log),diet_salt_added_to_food,Salt added to food,0.02959527268307265,7.086355053145817e-62,61.149577091664284,314436,False,"cov_age_at_assessment, cov_body_mass_index, cov_fasting_time, cov_sex_Male, cov_alcohol_status_Never, cov_alcohol_status_Prefer not to answer, cov_alcohol_status_Previous, cov_current_smoking_Only occasionally, cov_current_smoking_Prefer not to answer, cov_current_smoking_Yes, on most or all days",0.02959527268307265
apolipoprotein_a_g_L_log,Apolipoprotein A (log),diet_tea_intake,Tea intake,-0.01643415863386991,1.2945548470215645e-19,18.887879544878228,303939,False,"cov_age_at_assessment, cov_body_mass_index, cov_fasting_time, cov_sex_Male, cov_alcohol_status_Never, cov_alcohol_status_Prefer not to answer, cov_alcohol_status_Previous, cov_current_smoking_Only occasionally, cov_current_smoking_Prefer not to answer, cov_current_smoking_Yes, on most or all days",0.01643415863386991
apolipoprotein_a_g_L_log,Apolipoprotein A (log),diet_coffee_intake,Coffee intake,0.034307100827972024,1.9117425640568292e-76,75.71857059037421,290749,False,"cov_age_at_assessment, cov_body_mass_index, cov_fasting_time, cov_sex_Male, cov_alcohol_status_Never, cov_alcohol_status_Prefer not to answer, cov_alcohol_status_Previous, cov_current_smoking_Only occasionally, cov_current_smoking_Prefer not to answer, cov_current_smoking_Yes, on most or all days",0.034307100827972024
apolipoprotein_a_g_L_log,Apolipoprotein A (log),diet_coffee_type,Coffee type,0.011516921546576237,1.2308950636116329e-08,7.909778970006923,244540,False,"cov_age_at_assessment, cov_body_mass_index, cov_fasting_time, cov_sex_Male, cov_alcohol_status_Never, cov_alcohol_status_Prefer not to answer, cov_alcohol_status_Previous, cov_current_smoking_Only occasionally, cov_current_smoking_Prefer not to answer, cov_current_smoking_Yes, on most or all days",0.011516921546576237
apolipoprotein_a_g_L_log,Apolipoprotein A (log),diet_hot_drink_temperature,Hot drink temperature,-0.009259097736021956,2.0794416415010711e-07,6.6820532633873855,314436,False,"cov_age_at_assessment, cov_body_mass_index, cov_fasting_time, cov_sex_Male, cov_alcohol_status_Never, cov_alcohol_status_Prefer not to answer, cov_alcohol_status_Previous, cov_current_smoking_Only occasionally, cov_current_smoking_Prefer not to answer, cov_current_smoking_Yes, on most or all days",0.009259097736021956
apolipoprotein_a_g_L_log,Apolipoprotein A (log),diet_water_intake,Water intake,0.03559127345851762,3.818362061797391e-82,81.41812289365174,290784,False,"cov_age_at_assessment, cov_body_mass_index, cov_fasting_time, cov_sex_Male, cov_alcohol_status_Never, cov_alcohol_status_Prefer not to answer, cov_alcohol_status_Previous, cov_current_smoking_Only occasionally, cov_current_smoking_Prefer not to answer, cov_current_smoking_Yes, on most or all days",0.03559127345851762
apolipoprotein_a_g_L_log,Apolipoprotein A (log),diet_major_dietary_changes_in_the_last_5_years,Major dietary changes in the last 5 years,-0.03138699969476888,2.2791243033976332e-69,68.64223198776061,314436,False,"cov_age_at_assessment, cov_body_mass_index, cov_fasting_time, cov_sex_Male, cov_alcohol_status_Never, cov_alcohol_status_Prefer not to answer, cov_alcohol_status_Previous, cov_current_smoking_Only occasionally, cov_current_smoking_Prefer not to answer, cov_current_smoking_Yes, on most or all days",0.03138699969476888
apolipoprotein_a_g_L_log,Apolipoprotein A (log),diet_variation_in_diet,Variation in diet,-0.005757456063747502,0.001244482265647558,2.905011287875222,314436,False,"cov_age_at_assessment, cov_body_mass_index, cov_fasting_time, cov_sex_Male, cov_alcohol_status_Never, cov_alcohol_status_Prefer not to answer, cov_alcohol_status_Previous, cov_current_smoking_Only occasionally, cov_current_smoking_Prefer not to answer, cov_current_smoking_Yes, on most or all days",0.005757456063747502
apolipoprotein_b_g_L,Apolipoprotein B,diet_cooked_vegetable_intake,Cooked vegetable intake,-0.01699098562297196,9.936567512353447e-23,22.0027636123723,333482,False,"cov_age_at_assessment, cov_body_mass_index, cov_fasting_time, cov_sex_Male, cov_alcohol_status_Never, cov_alcohol_status_Prefer not to answer, cov_alcohol_status_Previous, cov_current_smoking_Only occasionally, cov_current_smoking_Prefer not to answer, cov_current_smoking_Yes, on most or all days",0.01699098562297196
apolipoprotein_b_g_L,Apolipoprotein B,diet_salad_raw_vegetable_intake,Salad / raw vegetable intake,-0.018736592446324325,1.347053614983168e-26,25.870615118287446,324489,False,"cov_age_at_assessment, cov_body_mass_index, cov_fasting_time, cov_sex_Male, cov_alcohol_status_Never, cov_alcohol_status_Prefer not to answer, cov_alcohol_status_Previous, cov_current_smoking_Only occasionally, cov_current_smoking_Prefer not to answer, cov_current_smoking_Yes, on most or all days",0.018736592446324325
apolipoprotein_b_g_L,Apolipoprotein B,diet_fresh_fruit_intake,Fresh fruit intake,-0.027175709824255743,2.6593867515518373e-55,54.5752184991292,332120,False,"cov_age_at_assessment, cov_body_mass_index, cov_fasting_time, cov_sex_Male, cov_alcohol_status_Never, cov_alcohol_status_Prefer not to answer, cov_alcohol_status_Previous, cov_current_smoking_Only occasionally, cov_current_smoking_Prefer not to answer, cov_current_smoking_Yes, on most or all days",0.027175709824255743
apolipoprotein_b_g_L,Apolipoprotein B,diet_dried_fruit_intake,Dried fruit intake,-0.006975692667001756,9.580459499581865e-05,4.018613660718205,312727,False,"cov_age_at_assessment, cov_body_mass_index, cov_fasting_time, cov_sex_Male, cov_alcohol_status_Never, cov_alcohol_status_Prefer not to answer, cov_alcohol_status_Previous, cov_current_smoking_Only occasionally, cov_current_smoking_Prefer not to answer, cov_current_smoking_Yes, on most or all days",0.006975692667001756
apolipoprotein_b_g_L,Apolipoprotein B,diet_oily_fish_intake,Oily fish intake,0.008862311445115375,1.972317153234358e-07,6.705023248205803,344525,False,"cov_age_at_assessment, cov_body_mass_index, cov_fasting_time, cov_sex_Male, cov_alcohol_status_Never, cov_alcohol_status_Prefer not to answer, cov_alcohol_status_Previous, cov_current_smoking_Only occasionally, cov_current_smoking_Prefer not to answer, cov_current_smoking_Yes, on most or all days",0.008862311445115375
apolipoprotein_b_g_L,Apolipoprotein B,diet_non_oily_fish_intake,Non-oily fish intake,0.008434269713654881,7.395830995432055e-07,6.131013021605602,344525,False,"cov_age_at_assessment, cov_body_mass_index, cov_fasting_time, cov_sex_Male, cov_alcohol_status_Never, cov_alcohol_status_Prefer not to answer, cov_alcohol_status_Previous, cov_current_smoking_Only occasionally, cov_current_smoking_Prefer not to answer, cov_current_smoking_Yes, on most or all days",0.008434269713654881
apolipoprotein_b_g_L,Apolipoprotein B,diet_processed_meat_intake,Processed meat intake,-0.0052588070652788655,0.002023694213950257,2.693855110027329,344525,False,"cov_age_at_assessment, cov_body_mass_index, cov_fasting_time, cov_sex_Male, cov_alcohol_status_Never, cov_alcohol_status_Prefer not to answer, cov_alcohol_status_Previous, cov_current_smoking_Only occasionally, cov_current_smoking_Prefer not to answer, cov_current_smoking_Yes, on most or all days",0.0052588070652788655
apolipoprotein_b_g_L,Apolipoprotein B,diet_poultry_intake,Poultry intake,-0.003600279958629704,0.0345812083710103,1.461159835246801,344525,False,"cov_age_at_assessment, cov_body_mass_index, cov_fasting_time, cov_sex_Male, cov_alcohol_status_Never, cov_alcohol_status_Prefer not to answer, cov_alcohol_status_Previous, cov_current_smoking_Only occasionally, cov_current_smoking_Prefer not to answer, cov_current_smoking_Yes, on most or all days",0.003600279958629704
apolipoprotein_b_g_L,Apolipoprotein B,diet_beef_intake,Beef intake,0.004189022368047213,0.013940186761997653,1.8557314077902562,344525,False,"cov_age_at_assessment, cov_body_mass_index, cov_fasting_time, cov_sex_Male, cov_alcohol_status_Never, cov_alcohol_status_Prefer not to answer, cov_alcohol_status_Previous, cov_current_smoking_Only occasionally, cov_current_smoking_Prefer not to answer, cov_current_smoking_Yes, on most or all days",0.004189022368047213
apolipoprotein_b_g_L,Apolipoprotein B,diet_lamb_mutton_intake,Lamb/mutton intake,-0.0035789069131282676,0.03566877397225538,1.4477118182264064,344525,False,"cov_age_at_assessment, cov_body_mass_index, cov_fasting_time, cov_sex_Male, cov_alcohol_status_Never, cov_alcohol_status_Prefer not to answer, cov_alcohol_status_Previous, cov_current_smoking_Only occasionally, cov_current_smoking_Prefer not to answer, cov_current_smoking_Yes, on most or all days",0.0035789069131282676
apolipoprotein_b_g_L,Apolipoprotein B,diet_pork_intake,Pork intake,-0.011405806106409788,2.157097516949963e-11,10.666130221093118,344525,False,"cov_age_at_assessment, cov_body_mass_index, cov_fasting_time, cov_sex_Male, cov_alcohol_status_Never, cov_alcohol_status_Prefer not to answer, cov_alcohol_status_Previous, cov_current_smoking_Only occasionally, cov_current_smoking_Prefer not to answer, cov_current_smoking_Yes, on most or all days",0.011405806106409788
apolipoprotein_b_g_L,Apolipoprotein B,diet_age_when_last_ate_meat,Age when last ate meat,0.012073450946298725,0.13067836504879246,0.8837963077344745,15673,False,"cov_age_at_assessment, cov_body_mass_index, cov_fasting_time, cov_sex_Male, cov_alcohol_status_Never, cov_alcohol_status_Prefer not to answer, cov_alcohol_status_Previous, cov_current_smoking_Only occasionally, cov_current_smoking_Prefer not to answer, cov_current_smoking_Yes, on most or all days",0.012073450946298725
apolipoprotein_b_g_L,Apolipoprotein B,diet_never_eat_eggs_dairy_wheat_sugar,"Never eat eggs, dairy, wheat, sugar",-0.016267371531946795,1.3103696643333558e-21,20.88260616958635,344525,False,"cov_age_at_assessment, cov_body_mass_index, cov_fasting_time, cov_sex_Male, cov_alcohol_status_Never, cov_alcohol_status_Prefer not to answer, cov_alcohol_status_Previous, cov_current_smoking_Only occasionally, cov_current_smoking_Prefer not to answer, cov_current_smoking_Yes, on most or all days",0.016267371531946795
apolipoprotein_b_g_L,Apolipoprotein B,diet_cheese_intake,Cheese intake,-0.005733065429492747,0.0008728941532979265,3.059038415430275,337086,False,"cov_age_at_assessment, cov_body_mass_index, cov_fasting_time, cov_sex_Male, cov_alcohol_status_Never, cov_alcohol_status_Prefer not to answer, cov_alcohol_status_Previous, cov_current_smoking_Only occasionally, cov_current_smoking_Prefer not to answer, cov_current_smoking_Yes, on most or all days",0.005733065429492747
apolipoprotein_b_g_L,Apolipoprotein B,diet_milk_type_used,Milk type used,-0.021102116058888957,3.054719688247829e-35,34.51502863597218,344525,False,"cov_age_at_assessment, cov_body_mass_index, cov_fasting_time, cov_sex_Male, cov_alcohol_status_Never, cov_alcohol_status_Prefer not to answer, cov_alcohol_status_Previous, cov_current_smoking_Only occasionally, cov_current_smoking_Prefer not to answer, cov_current_smoking_Yes, on most or all days",0.021102116058888957
apolipoprotein_b_g_L,Apolipoprotein B,diet_spread_type,Spread type,-0.017330635373523598,2.6129025024900404e-24,23.58287679517912,344525,False,"cov_age_at_assessment, cov_body_mass_index, cov_fasting_time, cov_sex_Male, cov_alcohol_status_Never, cov_alcohol_status_Prefer not to answer, cov_alcohol_status_Previous, cov_current_smoking_Only occasionally, cov_current_smoking_Prefer not to answer, cov_current_smoking_Yes, on most or all days",0.017330635373523598
apolipoprotein_b_g_L,Apolipoprotein B,diet_non_butter_spread_type_details,Non-butter spread type details,-0.03921543714190691,1.3212765944263219e-59,58.879006258192476,172259,False,"cov_age_at_assessment, cov_body_mass_index, cov_fasting_time, cov_sex_Male, cov_alcohol_status_Never, cov_alcohol_status_Prefer not to answer, cov_alcohol_status_Previous, cov_current_smoking_Only occasionally, cov_current_smoking_Prefer not to answer, cov_current_smoking_Yes, on most or all days",0.03921543714190691
apolipoprotein_b_g_L,Apolipoprotein B,diet_bread_intake,Bread intake,-0.023437667087785982,4.1502894407243254e-42,41.38192161458283,336485,False,"cov_age_at_assessment, cov_body_mass_index, cov_fasting_time, cov_sex_Male, cov_alcohol_status_Never, cov_alcohol_status_Prefer not to answer, cov_alcohol_status_Previous, cov_current_smoking_Only occasionally, cov_current_smoking_Prefer not to answer, cov_current_smoking_Yes, on most or all days",0.023437667087785982
apolipoprotein_b_g_L,Apolipoprotein B,diet_bread_type,Bread type,-0.007067255455634264,4.636846716291109e-05,4.333777260664311,332174,False,"cov_age_at_assessment, cov_body_mass_index, cov_fasting_time, cov_sex_Male, cov_alcohol_status_Never, cov_alcohol_status_Prefer not to answer, cov_alcohol_status_Previous, cov_current_smoking_Only occasionally, cov_current_smoking_Prefer not to answer, cov_current_smoking_Yes, on most or all days",0.007067255455634264
apolipoprotein_b_g_L,Apolipoprotein B,diet_cereal_intake,Cereal intake,-0.039910468672695404,1.0555957947651358e-115,114.97650234857129,327941,False,"cov_age_at_assessment, cov_body_mass_index, cov_fasting_time, cov_sex_Male, cov_alcohol_status_Never, cov_alcohol_status_Prefer not to answer, cov_alcohol_status_Previous, cov_current_smoking_Only occasionally, cov_current_smoking_Prefer not to answer, cov_current_smoking_Yes, on most or all days",0.039910468672695404
apolipoprotein_b_g_L,Apolipoprotein B,diet_cereal_type,Cereal type,0.003359419554352492,0.0728142390517429,1.137783684740321,285177,False,"cov_age_at_assessment, cov_body_mass_index, cov_fasting_time, cov_sex_Male, cov_alcohol_status_Never, cov_alcohol_status_Prefer not to answer, cov_alcohol_status_Previous, cov_current_smoking_Only occasionally, cov_current_smoking_Prefer not to answer, cov_current_smoking_Yes, on most or all days",0.003359419554352492
apolipoprotein_b_g_L,Apolipoprotein B,diet_salt_added_to_food,Salt added to food,0.0005739673061963828,0.7361952239478433,0.13300700435719393,344525,False,"cov_age_at_assessment, cov_body_mass_index, cov_fasting_time, cov_sex_Male, cov_alcohol_status_Never, cov_alcohol_status_Prefer not to answer, cov_alcohol_status_Previous, cov_current_smoking_Only occasionally, cov_current_smoking_Prefer not to answer, cov_current_smoking_Yes, on most or all days",0.0005739673061963828
apolipoprotein_b_g_L,Apolipoprotein B,diet_tea_intake,Tea intake,-0.03504383104481669,5.335694425597148e-91,90.27280905035782,333045,False,"cov_age_at_assessment, cov_body_mass_index, cov_fasting_time, cov_sex_Male, cov_alcohol_status_Never, cov_alcohol_status_Prefer not to answer, cov_alcohol_status_Previous, cov_current_smoking_Only occasionally, cov_current_smoking_Prefer not to answer, cov_current_smoking_Yes, on most or all days",0.03504383104481669
apolipoprotein_b_g_L,Apolipoprotein B,diet_coffee_intake,Coffee intake,0.03590301033783341,2.2688468848499787e-91,90.64419481187554,318609,False,"cov_age_at_assessment, cov_body_mass_index, cov_fasting_time, cov_sex_Male, cov_alcohol_status_Never, cov_alcohol_status_Prefer not to answer, cov_alcohol_status_Previous, cov_current_smoking_Only occasionally, cov_current_smoking_Prefer not to answer, cov_current_smoking_Yes, on most or all days",0.03590301033783341
apolipoprotein_b_g_L,Apolipoprotein B,diet_coffee_type,Coffee type,-0.012754965963907664,4.079768698094955e-11,10.38936445847594,267824,False,"cov_age_at_assessment, cov_body_mass_index, cov_fasting_time, cov_sex_Male, cov_alcohol_status_Never, cov_alcohol_status_Prefer not to answer, cov_alcohol_status_Previous, cov_current_smoking_Only occasionally, cov_current_smoking_Prefer not to answer, cov_current_smoking_Yes, on most or all days",0.012754965963907664
apolipoprotein_b_g_L,Apolipoprotein B,diet_hot_drink_temperature,Hot drink temperature,0.0006566849102086095,0.699905471705388,0.15496061125559799,344525,False,"cov_age_at_assessment, cov_body_mass_index, cov_fasting_time, cov_sex_Male, cov_alcohol_status_Never, cov_alcohol_status_Prefer not to answer, cov_alcohol_status_Previous, cov_current_smoking_Only occasionally, cov_current_smoking_Prefer not to answer, cov_current_smoking_Yes, on most or all days",0.0006566849102086095
apolipoprotein_b_g_L,Apolipoprotein B,diet_water_intake,Water intake,-0.01973773725989054,7.592255959933269e-29,28.119629158837775,318763,False,"cov_age_at_assessment, cov_body_mass_index, cov_fasting_time, cov_sex_Male, cov_alcohol_status_Never, cov_alcohol_status_Prefer not to answer, cov_alcohol_status_Previous, cov_current_smoking_Only occasionally, cov_current_smoking_Prefer not to answer, cov_current_smoking_Yes, on most or all days",0.01973773725989054
apolipoprotein_b_g_L,Apolipoprotein B,diet_major_dietary_changes_in_the_last_5_years,Major dietary changes in the last 5 years,-0.009297561107162844,4.831080199082912e-08,7.315955752881922,344525,False,"cov_age_at_assessment, cov_body_mass_index, cov_fasting_time, cov_sex_Male, cov_alcohol_status_Never, cov_alcohol_status_Prefer not to answer, cov_alcohol_status_Previous, cov_current_smoking_Only occasionally, cov_current_smoking_Prefer not to answer, cov_current_smoking_Yes, on most or all days",0.009297561107162844
apolipoprotein_b_g_L,Apolipoprotein B,diet_variation_in_diet,Variation in diet,0.014229415667775901,6.68182380329324e-17,16.175104980698244,344525,False,"cov_age_at_assessment, cov_body_mass_index, cov_fasting_time, cov_sex_Male, cov_alcohol_status_Never, cov_alcohol_status_Prefer not to answer, cov_alcohol_status_Previous, cov_current_smoking_Only occasionally, cov_current_smoking_Prefer not to answer, cov_current_smoking_Yes, on most or all days",0.014229415667775901
lipoprotein_a_nmol_L_log,Lipoprotein A (log),diet_cooked_vegetable_intake,Cooked vegetable intake,0.004213278030298735,0.02815488115615692,1.5504463015083458,271442,False,"cov_age_at_assessment, cov_body_mass_index, cov_fasting_time, cov_sex_Male, cov_alcohol_status_Never, cov_alcohol_status_Prefer not to answer, cov_alcohol_status_Previous, cov_current_smoking_Only occasionally, cov_current_smoking_Prefer not to answer, cov_current_smoking_Yes, on most or all days",0.004213278030298735
lipoprotein_a_nmol_L_log,Lipoprotein A (log),diet_salad_raw_vegetable_intake,Salad / raw vegetable intake,0.004021848348003426,0.03874948192190346,1.4117340996083192,264096,False,"cov_age_at_assessment, cov_body_mass_index, cov_fasting_time, cov_sex_Male, cov_alcohol_status_Never, cov_alcohol_status_Prefer not to answer, cov_alcohol_status_Previous, cov_current_smoking_Only occasionally, cov_current_smoking_Prefer not to answer, cov_current_smoking_Yes, on most or all days",0.004021848348003426
lipoprotein_a_nmol_L_log,Lipoprotein A (log),diet_fresh_fruit_intake,Fresh fruit intake,0.011792757706607128,8.729036349004022e-10,9.0590336980367,270281,False,"cov_age_at_assessment, cov_body_mass_index, cov_fasting_time, cov_sex_Male, cov_alcohol_status_Never, cov_alcohol_status_Prefer not to answer, cov_alcohol_status_Previous, cov_current_smoking_Only occasionally, cov_current_smoking_Prefer not to answer, cov_current_smoking_Yes, on most or all days",0.011792757706607128
lipoprotein_a_nmol_L_log,Lipoprotein A (log),diet_dried_fruit_intake,Dried fruit intake,0.005827600771163518,0.003273578914599454,2.484977185286665,254654,False,"cov_age_at_assessment, cov_body_mass_index, cov_fasting_time, cov_sex_Male, cov_alcohol_status_Never, cov_alcohol_status_Prefer not to answer, cov_alcohol_status_Previous, cov_current_smoking_Only occasionally, cov_current_smoking_Prefer not to answer, cov_current_smoking_Yes, on most or all days",0.005827600771163518
lipoprotein_a_nmol_L_log,Lipoprotein A (log),diet_oily_fish_intake,Oily fish intake,-0.002372316627472777,0.20902479856454317,0.6798021864207678,280421,False,"cov_age_at_assessment, cov_body_mass_index, cov_fasting_time, cov_sex_Male, cov_alcohol_status_Never, cov_alcohol_status_Prefer not to answer, cov_alcohol_status_Previous, cov_current_smoking_Only occasionally, cov_current_smoking_Prefer not to answer, cov_current_smoking_Yes, on most or all days",0.002372316627472777
lipoprotein_a_nmol_L_log,Lipoprotein A (log),diet_non_oily_fish_intake,Non-oily fish intake,-0.001678360643790784,0.3741272111575279,0.42698070338750166,280421,False,"cov_age_at_assessment, cov_body_mass_index, cov_fasting_time, cov_sex_Male, cov_alcohol_status_Never, cov_alcohol_status_Prefer not to answer, cov_alcohol_status_Previous, cov_current_smoking_Only occasionally, cov_current_smoking_Prefer not to answer, cov_current_smoking_Yes, on most or all days",0.001678360643790784
lipoprotein_a_nmol_L_log,Lipoprotein A (log),diet_processed_meat_intake,Processed meat intake,0.005500388486072319,0.0035828615555611775,2.4457699729718927,280421,False,"cov_age_at_assessment, cov_body_mass_index, cov_fasting_time, cov_sex_Male, cov_alcohol_status_Never, cov_alcohol_status_Prefer not to answer, cov_alcohol_status_Previous, cov_current_smoking_Only occasionally, cov_current_smoking_Prefer not to answer, cov_current_smoking_Yes, on most or all days",0.005500388486072319
lipoprotein_a_nmol_L_log,Lipoprotein A (log),diet_poultry_intake,Poultry intake,-0.004620528440288801,0.014413344045508944,1.841235246665238,280421,False,"cov_age_at_assessment, cov_body_mass_index, cov_fasting_time, cov_sex_Male, cov_alcohol_status_Never, cov_alcohol_status_Prefer not to answer, cov_alcohol_status_Previous, cov_current_smoking_Only occasionally, cov_current_smoking_Prefer not to answer, cov_current_smoking_Yes, on most or all days",0.004620528440288801
lipoprotein_a_nmol_L_log,Lipoprotein A (log),diet_beef_intake,Beef intake,-0.0034548592168527044,0.0673231202612382,1.1718357637473977,280421,False,"cov_age_at_assessment, cov_body_mass_index, cov_fasting_time, cov_sex_Male, cov_alcohol_status_Never, cov_alcohol_status_Prefer not to answer, cov_alcohol_status_Previous, cov_current_smoking_Only occasionally, cov_current_smoking_Prefer not to answer, cov_current_smoking_Yes, on most or all days",0.0034548592168527044
lipoprotein_a_nmol_L_log,Lipoprotein A (log),diet_lamb_mutton_intake,Lamb/mutton intake,-0.0024649061159767237,0.191796816491773,0.7171586056717696,280421,False,"cov_age_at_assessment, cov_body_mass_index, cov_fasting_time, cov_sex_Male, cov_alcohol_status_Never, cov_alcohol_status_Prefer not to answer, cov_alcohol_status_Previous, cov_current_smoking_Only occasionally, cov_current_smoking_Prefer not to answer, cov_current_smoking_Yes, on most or all days",0.0024649061159767237
lipoprotein_a_nmol_L_log,Lipoprotein A (log),diet_pork_intake,Pork intake,0.0003839491735135604,0.8388860281728703,0.07629703881115595,280421,False,"cov_age_at_assessment, cov_body_mass_index, cov_fasting_time, cov_sex_Male, cov_alcohol_status_Never, cov_alcohol_status_Prefer not to answer, cov_alcohol_status_Previous, cov_current_smoking_Only occasionally, cov_current_smoking_Prefer not to answer, cov_current_smoking_Yes, on most or all days",0.0003839491735135604
lipoprotein_a_nmol_L_log,Lipoprotein A (log),diet_age_when_last_ate_meat,Age when last ate meat,-0.014657598224380512,0.09690275993482156,1.0136638534198854,12828,False,"cov_age_at_assessment, cov_body_mass_index, cov_fasting_time, cov_sex_Male, cov_alcohol_status_Never, cov_alcohol_status_Prefer not to answer, cov_alcohol_status_Previous, cov_current_smoking_Only occasionally, cov_current_smoking_Prefer not to answer, cov_current_smoking_Yes, on most or all days",0.014657598224380512
lipoprotein_a_nmol_L_log,Lipoprotein A (log),diet_never_eat_eggs_dairy_wheat_sugar,"Never eat eggs, dairy, wheat, sugar",0.0015659885530717034,0.4069557195685528,0.3904528433380102,280421,False,"cov_age_at_assessment, cov_body_mass_index, cov_fasting_time, cov_sex_Male, cov_alcohol_status_Never, cov_alcohol_status_Prefer not to answer, cov_alcohol_status_Previous, cov_current_smoking_Only occasionally, cov_current_smoking_Prefer not to answer, cov_current_smoking_Yes, on most or all days",0.0015659885530717034
lipoprotein_a_nmol_L_log,Lipoprotein A (log),diet_cheese_intake,Cheese intake,0.01162996141742866,1.1187872832566108e-09,8.951252478699214,274323,False,"cov_age_at_assessment, cov_body_mass_index, cov_fasting_time, cov_sex_Male, cov_alcohol_status_Never, cov_alcohol_status_Prefer not to answer, cov_alcohol_status_Previous, cov_current_smoking_Only occasionally, cov_current_smoking_Prefer not to answer, cov_current_smoking_Yes, on most or all days",0.01162996141742866
lipoprotein_a_nmol_L_log,Lipoprotein A (log),diet_milk_type_used,Milk type used,0.009719738066720468,2.644517032457359e-07,6.57765363148923,280421,False,"cov_age_at_assessment, cov_body_mass_index, cov_fasting_time, cov_sex_Male, cov_alcohol_status_Never, cov_alcohol_status_Prefer not to answer, cov_alcohol_status_Previous, cov_current_smoking_Only occasionally, cov_current_smoking_Prefer not to answer, cov_current_smoking_Yes, on most or all days",0.009719738066720468
lipoprotein_a_nmol_L_log,Lipoprotein A (log),diet_spread_type,Spread type,0.01262951399788557,2.2597889287144303e-11,10.645932123408118,280421,False,"cov_age_at_assessment, cov_body_mass_index, cov_fasting_time, cov_sex_Male, cov_alcohol_status_Never, cov_alcohol_status_Prefer not to answer, cov_alcohol_status_Previous, cov_current_smoking_Only occasionally, cov_current_smoking_Prefer not to answer, cov_current_smoking_Yes, on most or all days",0.01262951399788557
lipoprotein_a_nmol_L_log,Lipoprotein A (log),diet_non_butter_spread_type_details,Non-butter spread type details,-0.008826270219877329,0.0009564216862788911,3.0193505850819022,140044,False,"cov_age_at_assessment, cov_body_mass_index, cov_fasting_time, cov_sex_Male, cov_alcohol_status_Never, cov_alcohol_status_Prefer not to answer, cov_alcohol_status_Previous, cov_current_smoking_Only occasionally, cov_current_smoking_Prefer not to answer, cov_current_smoking_Yes, on most or all days",0.008826270219877329
lipoprotein_a_nmol_L_log,Lipoprotein A (log),diet_bread_intake,Bread intake,-0.00566979114547838,0.0030073512508939516,2.521815844458129,273838,False,"cov_age_at_assessment, cov_body_mass_index, cov_fasting_time, cov_sex_Male, cov_alcohol_status_Never, cov_alcohol_status_Prefer not to answer, cov_alcohol_status_Previous, cov_current_smoking_Only occasionally, cov_current_smoking_Prefer not to answer, cov_current_smoking_Yes, on most or all days",0.00566979114547838
lipoprotein_a_nmol_L_log,Lipoprotein A (log),diet_bread_type,Bread type,0.0005516389735001379,0.7742585289221722,0.1111140019305755,270321,False,"cov_age_at_assessment, cov_body_mass_index, cov_fasting_time, cov_sex_Male, cov_alcohol_status_Never, cov_alcohol_status_Prefer not to answer, cov_alcohol_status_Previous, cov_current_smoking_Only occasionally, cov_current_smoking_Prefer not to answer, cov_current_smoking_Yes, on most or all days",0.0005516389735001379
lipoprotein_a_nmol_L_log,Lipoprotein A (log),diet_cereal_intake,Cereal intake,0.0012604130998251188,0.5148888271365476,0.28828653207175653,266972,False,"cov_age_at_assessment, cov_body_mass_index, cov_fasting_time, cov_sex_Male, cov_alcohol_status_Never, cov_alcohol_status_Prefer not to answer, cov_alcohol_status_Previous, cov_current_smoking_Only occasionally, cov_current_smoking_Prefer not to answer, cov_current_smoking_Yes, on most or all days",0.0012604130998251188
lipoprotein_a_nmol_L_log,Lipoprotein A (log),diet_cereal_type,Cereal type,-0.0029417536428157174,0.15626204447796735,0.8061464978320803,232270,False,"cov_age_at_assessment, cov_body_mass_index, cov_fasting_time, cov_sex_Male, cov_alcohol_status_Never, cov_alcohol_status_Prefer not to answer, cov_alcohol_status_Previous, cov_current_smoking_Only occasionally, cov_current_smoking_Prefer not to answer, cov_current_smoking_Yes, on most or all days",0.0029417536428157174
lipoprotein_a_nmol_L_log,Lipoprotein A (log),diet_salt_added_to_food,Salt added to food,-0.003970509039987385,0.035503049236561016,1.44973434526202,280421,False,"cov_age_at_assessment, cov_body_mass_index, cov_fasting_time, cov_sex_Male, cov_alcohol_status_Never, cov_alcohol_status_Prefer not to answer, cov_alcohol_status_Previous, cov_current_smoking_Only occasionally, cov_current_smoking_Prefer not to answer, cov_current_smoking_Yes, on most or all days",0.003970509039987385
lipoprotein_a_nmol_L_log,Lipoprotein A (log),diet_tea_intake,Tea intake,7.451672795724214e-05,0.9690549208646435,0.01365160875672069,271030,False,"cov_age_at_assessment, cov_body_mass_index, cov_fasting_time, cov_sex_Male, cov_alcohol_status_Never, cov_alcohol_status_Prefer not to answer, cov_alcohol_status_Previous, cov_current_smoking_Only occasionally, cov_current_smoking_Prefer not to answer, cov_current_smoking_Yes, on most or all days",7.451672795724214e-05
lipoprotein_a_nmol_L_log,Lipoprotein A (log),diet_coffee_intake,Coffee intake,-0.014137261007363755,6.070096817142664e-13,12.216804381937019,259276,False,"cov_age_at_assessment, cov_body_mass_index, cov_fasting_time, cov_sex_Male, cov_alcohol_status_Never, cov_alcohol_status_Prefer not to answer, cov_alcohol_status_Previous, cov_current_smoking_Only occasionally, cov_current_smoking_Prefer not to answer, cov_current_smoking_Yes, on most or all days",0.014137261007363755
lipoprotein_a_nmol_L_log,Lipoprotein A (log),diet_coffee_type,Coffee type,0.0006228120853873474,0.7712699055505418,0.11279361419474508,217883,False,"cov_age_at_assessment, cov_body_mass_index, cov_fasting_time, cov_sex_Male, cov_alcohol_status_Never, cov_alcohol_status_Prefer not to answer, cov_alcohol_status_Previous, cov_current_smoking_Only occasionally, cov_current_smoking_Prefer not to answer, cov_current_smoking_Yes, on most or all days",0.0006228120853873474
lipoprotein_a_nmol_L_log,Lipoprotein A (log),diet_hot_drink_temperature,Hot drink temperature,0.003341364945530656,0.07682549308581779,1.1144946436487069,280421,False,"cov_age_at_assessment, cov_body_mass_index, cov_fasting_time, cov_sex_Male, cov_alcohol_status_Never, cov_alcohol_status_Prefer not to answer, cov_alcohol_status_Previous, cov_current_smoking_Only occasionally, cov_current_smoking_Prefer not to answer, cov_current_smoking_Yes, on most or all days",0.003341364945530656
lipoprotein_a_nmol_L_log,Lipoprotein A (log),diet_water_intake,Water intake,0.010646630995435698,5.889383673165759e-08,7.229930151961359,259355,False,"cov_age_at_assessment, cov_body_mass_index, cov_fasting_time, cov_sex_Male, cov_alcohol_status_Never, cov_alcohol_status_Prefer not to answer, cov_alcohol_status_Previous, cov_current_smoking_Only occasionally, cov_current_smoking_Prefer not to answer, cov_current_smoking_Yes, on most or all days",0.010646630995435698
lipoprotein_a_nmol_L_log,Lipoprotein A (log),diet_major_dietary_changes_in_the_last_5_years,Major dietary changes in the last 5 years,0.016980034333390362,2.419996215816903e-19,18.616185313131602,280421,False,"cov_age_at_assessment, cov_body_mass_index, cov_fasting_time, cov_sex_Male, cov_alcohol_status_Never, cov_alcohol_status_Prefer not to answer, cov_alcohol_status_Previous, cov_current_smoking_Only occasionally, cov_current_smoking_Prefer not to answer, cov_current_smoking_Yes, on most or all days",0.016980034333390362
lipoprotein_a_nmol_L_log,Lipoprotein A (log),diet_variation_in_diet,Variation in diet,0.003564799243690427,0.059062259325223236,1.228689943864172,280421,False,"cov_age_at_assessment, cov_body_mass_index, cov_fasting_time, cov_sex_Male, cov_alcohol_status_Never, cov_alcohol_status_Prefer not to answer, cov_alcohol_status_Previous, cov_current_smoking_Only occasionally, cov_current_smoking_Prefer not to answer, cov_current_smoking_Yes, on most or all days",0.003564799243690427
